constit_name_id,year,cdf_release,cdf_expenditure,cdf_disbursed,overall_burn_rate,projects_release,projects_expenditure,project_burn_rate,loans_issued,loans_due,loans_recovered,repay_rate
1,2022,25739911,4657582,23739911,0.18094786730226067,11938162,0,0,NA,NA,NA,NA
1,2023,27261469,18379583,26209036,0.6741963538355178,14279546,6047867,0.4235335633219712,NA,NA,NA,NA
1,2024,23395045,38883176,20695045,0.9704710625697797,28348527,24348557,0.8589002525598597,4851308,770821,226260,0.29353118298541425
2,2022,25739911,4315441,23739911,0.16765563020011995,12855162,0,0,NA,NA,NA,NA
2,2023,27261470,18929968,26222940,0.6943854458325248,14762086,9702240,0.6572404469124485,NA,NA,NA,NA
2,2024,21443482,42866621,18413482,0.886667935030641,28118729,26581332,0.9453248046880071,NA,NA,NA,NA
3,2022,25700000,4686583,23739911,0.1823573151750973,12855162,2477107,0.19269356543309216,NA,NA,NA,NA
3,2023,28198218,34013296,28082534,1.2062214711582129,15216294,8534383,0.5608713264872511,3856453,385745,154348,0.40012961930809215
3,2024,24386872,25449823,21686872,0.6745098081829184,17825525,9899159,0.5553361822442817,6201788,989457,337508,0.34110426223676216
4,2022,25739911,5045635,23739911,0.19602379355546334,11938162,131607,0.01102405881240345,NA,NA,NA,NA
4,2023,28198221,22690089,28082540,0.8046638474107994,15198297,6896431,0.45376340520256975,0,0,0,NA
4,2024,10875971,36853554,8175971,0.9681533484774518,19613051,17796869,0.9073993128351117,9420456,4778124,594677,0.12445826018747107
5,2022,25739911,10166437,23739911,0.3949678380783834,11938162,4210245,0.35267112307572973,NA,NA,NA,NA
5,2023,27261470,27898987,26222940,1.0233852759957551,15324450,12863687,0.8394224262534707,5141831,6122589,0,0
5,2024,10233333,24055214,8000000,0.9867969344629087,13737476,13827097,1.0065238330534663,2765644,2624885,260850,0.09937578217712395
6,2022,25739911,5679510,23739911,0.2206499470802366,11938162,307500,0.025757733895720294,NA,NA,NA,NA
6,2023,27261470,25779146,26209038,0.9456256760915681,14279546,11368053,0.7961074532761756,5083597,245485,128817,0.5247448927633053
6,2024,24845238,42721673,21145238,0.9073280735851631,30120454,28800187,0.9561670949581305,4257288,1394403,873235,0.6262429154268888
7,2022,25739911,4144285,23739911,0.16100618995924268,11938162,307500,0.025757733895720294,NA,NA,NA,NA
7,2023,27261470,24768244,26209038,0.9085439633299305,14762086,13403931,0.9079970811713196,3107808,119059,95130,0.7990156141072914
7,2024,18864608,39120867,15834608,0.9920497042403251,29367939,28532224,0.971543287392418,3668000,2253265,400164,0.17759295954980883
8,2022,25739911,4114386,23739911,0.15984460863131966,11938162,0,0,NA,NA,NA,NA
8,2023,27261470,21991149,26209038,0.8066750985915286,14762086,9978022,0.6759222240000499,3107808,79534,246633,3.100975683355546
8,2024,23236375,42029245,20206375,0.890697935084353,35646625,31074287,0.8717315313862112,NA,NA,NA,NA
9,2022,25489170,8406860,25489170,0.3298208611735886,11938162,2806662,0.23510000953245566,NA,NA,NA,NA
9,2023,27261470,21868151,26209038,0.8021633096087628,14244118,9575785,0.6722624033302729,5678228,769160,329942,0.4289640646939518
9,2024,26649860,39932791,23949860,0.8312905236214688,29767362,25003898,0.8399769519381663,4347533,3019054,133785,0.04431354987356967
10,2022,25739911,2430662,23739911,0.09443163964319845,11938162,0,0,NA,NA,NA,NA
10,2023,21400000,23943510,14486098,1.1188556074766356,11588100,2410589,0.2080227992509557,6137397,613740,0,0
10,2024,16379571,34610236,13679571,0.9476127331122379,21027510,22504306,1.0702316156311422,3581267,1600131,435679,0.27227708231388553
11,2022,25739911,5853255,23739911,0.22739997041947815,11938162,2399545,0.20099785879936963,NA,NA,NA,NA
11,2023,28198221,11473353,28096442,0.4068821575658975,14331977,4275410,0.2983126473060904,5325100,1701402,734136,0.4314888544858887
11,2024,7700000,37275440,5000000,0.8274635357606761,29491268,17512742,0.5938280442875498,7675600,2594735,575427,0.22176715541278783
12,2022,25739911,6370833,23739911,0.24750796535388175,11938162,2717149,0.22760195413665857,NA,NA,NA,NA
12,2023,27261470,20404656,26209038,0.7484796674574041,14279546,11327217,0.7932476984912545,NA,NA,NA,NA
12,2024,23162981,39157888,19962981,0.8864265406255281,27219825,16073121,0.590493179144245,3099025,995651,267947,0.2691173915357892
13,2022,25739911,6132459,23739911,0.23824709417215933,11938162,1471463,0.12325708094763667,NA,NA,NA,NA
13,2023,27261470,21621004,26158878,0.7930975108825753,14762086,2643900,0.17910070433135264,2934350,NA,NA,NA
13,2024,15090000,34445918,12290000,0.9412733497270025,22303004,20317326,0.9109681368482918,6536715,1386079,196784,0.1419717057974329
14,2022,25739911,9152391,23739911,0.355571975365416,11938162,192106,0.016091756838280465,NA,NA,NA,NA
14,2023,28198221,22646618,28082540,0.8031222253347117,15198297,0,0,2445000,272672,32432,0.11894143879826312
14,2024,16192463,38182316,13492463,0.9891212330801038,19017286,20565570,1.0814145614679191,9145200,4609464,275735,0.05981931955646036
15,2022,25739911,3230054,23739911,0.1254881572822843,12855162,0,0,NA,NA,NA,NA
15,2023,27261470,15281367,26209038,0.56054816559782,14279546,4928000,0.34510901116884246,400000,NA,0,NA
15,2024,2825000,34973213,0,0.9990728929690156,19219976,19219203,0.9999597814274066,4153686,2863761,743807,0.25973082250928065
16,2022,25739911,5568897,23739911,0.21635261287422478,11938162,185894,0.015571408731092777,NA,NA,NA,NA
16,2023,27261470,18976954,26222940,0.6961089772488425,14284335,11229995,0.7861755552498594,3009980,1165439,535840,0.4597752434919374
16,2024,11900000,31747158,9000000,0.7925413757363369,22744546,19428803,0.8542181057384043,3129980,2733990,873678,0.3195615199762984
17,2022,25700000,20690498,23749911,0.8050777431906615,11938162,13345330,1.1178714110262535,NA,NA,NA,NA
17,2023,22600000,27483997,16886098,1.2161060619469026,9618075,0,0,3059982,0,751877,Inf
17,2024,23438311,27771299,20738311,0.7407733947341825,21137836,14139385,0.668913553875619,3951600,683692,111576,0.16319629306763864
18,2022,25739911,8762858,23739911,0.34043855085590624,11938162,2701559,0.22629605796939262,NA,NA,NA,NA
18,2023,28198221,24739134,28082540,0.8773296017504083,15269337,2274906,0.148985250636619,NA,NA,NA,NA
18,2024,12360772,31279746,9660772,0.9984302365944571,18734021,19758894,1.054706514954798,4497463,2380225,0,0
19,2022,25700000,4993657,23739911,0.194305719844358,11938162,756548,0.06337223435232325,NA,NA,NA,NA
19,2023,28198221,20272363,28096442,0.71892347393121,29264845,9543326,0.3261020517962764,3624982,589478,0,0
19,2024,11850000,19950300,9100000,0.4985043470299695,26252636,12141728,0.462495575682381,NA,NA,NA,NA
20,2022,25700000,3234849,23739911,0.12586961089494164,11938162,0,0,NA,NA,NA,NA
20,2023,28198221,19313753,28096442,0.6849280669159945,29114603,8176441,0.28083642425074457,2579445,515889,283627,0.5497829959545562
20,2024,12975000,37044229,10500000,0.8495893504848838,34461906,27883689,0.8091162746483029,3492464,719630,431755,0.5999680391312202
21,2022,25739911,4670292,23739911,0.18144165300338452,11938162,456896,0.0382718880846147,NA,NA,NA,NA
21,2023,28198218,29110834,28082534,1.0323643146527912,15216297,6288798,0.41329358910384045,6128872,323348,96381,0.2980720462164603
21,2024,4740650,25302922,1784475,0.9696707455071489,18345792,12169413,0.663335385029984,2962000,4743626,1228063,0.2588869780206112
22,2022,25739911,8660707,23739911,0.3364699668153476,11938162,1660271,0.13907258085457377,NA,NA,NA,NA
22,2023,28198221,30787838,28082540,1.0918361835663322,15331978,6823279,0.445035793816036,2991000,255768,0,0
22,2024,17700000,29500965,15000000,0.9524045733940119,15674169,15363276,0.9801652642637705,3374240,2487921,1206969,0.485131561653284
23,2022,25739911,3993332,23739911,0.1551416397671305,11938162,0,0,NA,NA,NA,NA
23,2023,27261470,20255714,26222940,0.7430162056558212,14337847,957953,0.06681289038723875,6125650,1632058,299287,0.18338012497104883
23,2024,10920000,31336575,8000000,0.8515832061503094,23517998,19269394,0.8193466977928988,3730890,746291,0,0
24,2022,25739911,11690021,23739911,0.45415934033338345,11938162,4189290,0.3509158277463482,NA,NA,NA,NA
24,2023,28198221,30774533,28082540,1.091364345289726,15269337,17544106,1.148976278406849,6093890,905631,267720,0.295617089079327
24,2024,30199134,30568278,30199134,0.7131409750565069,26032937,16107524,0.6187363338988605,3403938,727207,0,0
25,2022,25739911,5742170,23739911,0.22308429893172513,11938162,0,0,NA,NA,NA,NA
25,2023,27261470,19084440,26209038,0.7000517580306564,14756728,14404436,0.9761266860783773,6157602,463346,463346,1
25,2024,18164826,32882286,15464826,0.9319259018505379,22644728,20551188,0.9075484589613971,3492463,425140,0,0
26,2022,25739911,5436438,23739911,0.21120655778491232,11938162,1444142,0.12096853770287253,NA,NA,NA,NA
26,2023,27261470,27848027,26209038,1.021515971075661,14762086,10137318,0.6867131108706452,NA,NA,NA,NA
26,2024,25671564,37225922,22971564,0.8174328807608514,26076612,24479368,0.9387480244749586,5827863,1579147,614990,0.38944442790949796
27,2022,25739911,8716667,23739911,0.3386440225065269,11938162,4680788,0.39208615195538477,NA,NA,NA,NA
27,2023,27261470,40507957,26209038,1.485905088757136,15324450,6355822,0.4147504151861894,NA,NA,NA,NA
27,2024,12850000,24885730,10000000,0.9272884815853399,20925962,16661843,0.796228292873704,4391251,2324915,0,0
28,2022,25739911,4183509,23739911,0.1625300491520736,11938162,1073574,0.08992791352638706,NA,NA,NA,NA
28,2023,27261470,28476450,26209038,1.0445676627122455,14762086,1685532,0.11417979816673605,4543556,478188,219914,0.459890252369361
28,2024,15288898,28953713,12513898,0.8476697925422236,16843654,13043074,0.7743613113876597,3233549,1172897,22114,0.01885417048555841
29,2022,25739911,2670426,23739911,0.10374651256564174,11938162,0,0,NA,NA,NA,NA
29,2023,27261470,22151665,26209038,0.8125631156353638,14762086,1851817,0.1254441276117752,5322805,534481,0,0
29,2024,4532761,27789984,1832761,0.8773471179935631,18689840,17974468,0.9617240168990211,NA,NA,NA,NA
30,2022,25739911,7187379,23739911,0.2792309188637055,11938162,1118829,0.09371869807094257,NA,NA,NA,NA
30,2023,27261470,23390290,26222940,0.8579981196905376,14229546,8730829,0.6135704540397845,5407363,5999803,176406,0.029401965364529468
30,2024,11725000,29267502,9000000,0.8937747383653472,19045906,16630567,0.8731832972398372,5297415,1043850,0,0
31,2022,25739911,10849100,23739911,0.42148941385228567,11938162,1660271,0.13907258085457377,NA,NA,NA,NA
31,2023,28198221,32906134,28096442,1.1669578020542501,15324450,18949030,1.236522681075014,5678228,769160,329942,0.4289640646939518
31,2024,28158722,27944709,25348722,0.7916469260436279,20213750,15202195,0.7520719807062025,3296727,270816,111853,0.41302212572373864
32,2022,25739911,4899420,23739911,0.19034331548388025,11938162,2413190,0.20214083206443337,NA,NA,NA,NA
32,2023,27261470,22718916,26222940,0.8333709077316814,14619613,56575,0.003869801478329146,5575169,5853927,40461,0.006911770508925034
32,2024,14906250,28797766,13000000,0.7536075742599183,20682598,16665265,0.8057626512878121,3410000,3129695,0,0
33,2022,25739911,3677565,23739911,0.14287403713245161,11938162,348872,0.02922325899078937,NA,NA,NA,NA
33,2023,28198221,34396365,28082540,1.2198062069234794,15331978,15204836,0.9917073974408259,1025000,202175,71042,0.3513886484481266
33,2024,24711883,35134283,20791883,0.929532313872072,23374096,20639756,0.8830183635764994,4756437,3231471,551951,0.1708048749315714
34,2022,25739911,4173630,23739911,0.1621462482912237,11938162,1125137,0.09424708761700502,NA,NA,NA,NA
34,2023,27261470,30164372,26222940,1.1064836929189805,14332167,1992598,0.13902977826032867,3193800,3353490,155262,0.04629863217126039
34,2024,18565392,26965044,15755392,0.7630475830206583,25877575,17366008,0.6710832834993232,3751600,764855,249990,0.32684626497832925
35,2022,25739911,7542965,23739911,0.29304549654425766,11938162,4492965,0.37635316056190227,NA,NA,NA,NA
35,2023,28198221,32227173,28082540,1.1428796518759108,15269337,13605565,0.8910383600807291,2529000,311168,180056,0.5786456190867956
35,2024,11058382,23105115,8358382,0.9378386354879052,12663446,9640677,0.7612996494003291,3892550,1023886,182694,0.17843197387209123
36,2022,25739911,3979308,23739911,0.15459680493844755,11938162,0,0,NA,NA,NA,NA
36,2023,27311339,28688456,26322678,1.050422903102627,14789090,3504593,0.23697151075556372,1893660,120852,0,0
36,2024,9200000,30135246,6500000,0.9294968728630768,21007044,14987772,0.7134641123234664,6004984,1527352,0,0
37,2022,25739911,6458376,23739911,0.25090902606462,11938162,3027116,0.2535663362584626,NA,NA,NA,NA
37,2023,27261470,26191100,26222940,0.9607368934984064,15324450,13946783,0.9101000688442326,5301254,6421415,366646,0.057097384299254914
37,2024,9250000,27766908,6400000,0.9627768174557386,18432701,17947063,0.9736534542604472,2349618,8496203,1009906,0.11886556853690995
38,2022,25739911,3514525,23739911,0.13653990489710707,11938162,0,0,NA,NA,NA,NA
38,2023,28198221,24504837,28082540,0.8690206733254555,15269337,9913547,0.6492454125545857,5873196,1280554,0,0
38,2024,23435000,43395195,20435000,0.9184834616149506,32084545,31304959,0.9757021332233323,4710320,366893,25206,0.06870122896866389
39,2022,25739911,6270441,23739911,0.24360771876794757,11938162,1094093,0.09164668732087905,NA,NA,NA,NA
39,2023,28198221,21756173,28082540,0.7715441693999064,15198297,1251962,0.08237515032111821,1658000,537349,122425,0.227831446601743
39,2024,12700000,39708750,10000000,0.9827405673549046,22449657,19286486,0.8590993617408053,9309800,2950295,314204,0.10649918059041553
40,2022,25739911,7185122,23739911,0.27914323402283714,11938162,610440,0.05113349944488942,NA,NA,NA,NA
40,2023,28198221,18991643,28096442,0.6735050058654409,15324450,445337,0.029060553559834123,5058480,2222935,563332,0.25341811613924836
40,2024,24683047,40045387,21983047,0.7306525592087871,31115556,22329633,0.7176356739374993,3825973,2851744,542203,0.19013032025315035
41,2022,25700000,6026400,23739911,0.23449027237354086,11938162,3720412,0.31164026757217733,NA,NA,NA,NA
41,2023,28198218,30543271,28082534,1.0831631630055487,15216294,869419,0.057137368665458224,6127650,612770,206617,0.3371852407918142
41,2024,24191187,27327603,21491187,0.6825377395554199,24344470,12952143,0.5320363515821047,3470434,550586,44520,0.08085930263392095
42,2022,25739911,5319175,23739911,0.20665086992725032,11938162,1834781,0.15369040895910108,NA,NA,NA,NA
42,2023,28198221,27119684,28082540,0.9617515941874489,15216296,2923917,0.192156948050958,1360000,213403,0,0
42,2024,12920000,34603752,10000000,0.9974713384195973,24770588,17682766,0.7138613746270375,3492463,875894,487592,0.5566792328752109
43,2022,25739911,4460818,23739911,0.1733035518265778,11938162,20900,0.0017506882550261925,NA,NA,NA,NA
43,2023,28198221,19120538,28082540,0.6780760389103979,15216297,10073288,0.662006531549693,3227785,78435,78100,0.9957289475361765
43,2024,21875495,37761766,19010495,0.8865323996004405,25971254,22589169,0.8697758298463371,9037517,4300217,308784,0.07180660882927536
44,2022,25739911,7592364,23739911,0.29496465624919993,11938162,1662889,0.13929187759388756,NA,NA,NA,NA
44,2023,27261470,24640029,26209038,0.9038408053564243,14762086,4558250,0.3087808863869239,6040000,6493000,63824,0.009829662713691668
44,2024,10096215,29122553,7286215,0.9836226327533497,19092222,17957663,0.9405748058031171,2158910,6348967,757080,0.11924459522312843
45,2022,25739911,5820320,23739911,0.2261204399657792,11938162,1978737,0.165748881611759,NA,NA,NA,NA
45,2023,27261470,25996161,26222940,0.9535861785883153,14619613,1711343,0.1170580233553378,5698000,5982900,0,0
45,2024,14906250,24015969,13000000,0.6948880323465936,23551292,13550863,0.5753766290189091,NA,NA,NA,NA
46,2022,25739911,4681486,23739911,0.18187654184196675,11938162,0,0,NA,NA,NA,NA
46,2023,28198218,26013726,28082534,0.9225308492898381,15216297,6170274,0.40550430896557815,3838652,1283234,499599,0.38932805708078183
46,2024,20112560,37141884,17412560,0.8872862274816256,21334335,18544730,0.869243405055747,5034154,4299897,1102457,0.25639149030779107
47,2022,25739911,8854024,23739911,0.34398036574407737,11938162,3851706,0.32263810794324954,NA,NA,NA,NA
47,2023,28198218,23484301,28082534,0.8328292589269294,15216297,5043777,0.33147203948503373,6151359,652437,136293,0.2088983304135112
47,2024,18191165,38481637,15234990,0.9387622497407292,27125164,21617431,0.7969511631339814,3789020,5468961,870702,0.15920793730289903
48,2022,25739911,9020111,23739911,0.3504328744571028,11938162,3652334,0.3059377147001356,NA,NA,NA,NA
48,2023,27261470,30815180,26222940,1.1303565068207988,14337847,3792600,0.2645167018451236,6162713,618646,0,0
48,2024,21693739,31346014,18693739,0.9642257221077241,20687813,19814698,0.9577956838646985,3977499,541802,221159,0.408191553371896
49,2022,26538440,6587868,23739911,0.24823870581692067,11938162,68099,0.005704311936795631,NA,NA,NA,NA
49,2023,28198221,29431467,28082540,1.0437348866795533,15216297,5401267,0.3549659289641889,0,0,0,NA
49,2024,24640082,35841182,21940082,0.8506819293845731,22627680,20945956,0.9256784610706886,6530625,3664903,828197,0.22598060576228074
50,2022,26298325,5341916,23739911,0.2031276136407927,11938162,864998,0.07245654733115534,NA,NA,NA,NA
50,2023,28198221,26179307,28082540,0.9284027882468189,15216297,7119405,0.46788026022362733,0,0,0,NA
50,2024,25734306,38898532,23034306,0.84156179253542,22763919,20176453,0.8863347739025077,8166838,3664898,718101,0.19594024172023342
51,2022,25739911,6931926,23739911,0.26930652557423373,11938162,2627609,0.22010163708617791,NA,NA,NA,NA
51,2023,28198221,23279769,28096442,0.8255758049417373,15325000,5299963,0.3458377161500816,5731900,1791462,274284,0.15310623390281233
51,2024,7700000,29779170,5000000,0.8271364421531368,18115384,15026060,0.8294640621473991,6247275,2124499,304519,0.14333685259442344
52,2022,25739911,6809881,23739911,0.26456505618842274,11938162,533351,0.044676140263467695,NA,NA,NA,NA
52,2023,27261470,21714449,26209038,0.7965252424025557,14762086,4161760,0.2819222161420818,2350000,2526250,0,0
52,2024,13686451,38178270,10876451,0.9907478692181578,22095869,23350674,1.0567891219847474,3500000,3565254,2887413,0.8098758181044043
53,2022,25700000,4829668,23739911,0.18792482490272375,12855162,0,0,NA,NA,NA,NA
53,2023,27261470,19757335,26209038,0.7247347630190155,14279547,0,0,2754588,276506,0,0
53,2024,12775000,33253585,10000000,0.8404641662440367,18948104,16942426,0.8941488815978633,6246465,2071911,510131,0.24621279581989766
54,2022,25739911,3534952,23739911,0.1373334973846646,11938162,1458310,0.12215532005680606,NA,NA,NA,NA
54,2023,28198221,24517636,28082540,0.8694745672076263,14925068,8822508,0.5911201208597509,6000371,0,0,NA
54,2024,13560726,31309404,11453232,0.815793755075032,21543740,14768226,0.6854996393383879,8891706,849027,203050,0.239156116354368
55,2022,25739911,5687380,23739911,0.22095569794316694,11938162,550548,0.04611664676689762,NA,NA,NA,NA
55,2023,28198221,20185624,28096442,0.7158474288147468,28796683,8629769,0.299679272088386,656625,131325,0,0
55,2024,12775000,38821416,10000000,0.9519085953916652,25741769,25855333,1.0044116626172817,3342165,2615107,1520311,0.5813570916983511
56,2022,25734783,4730663,23739911,0.18382369884370114,12855162,1006540,0.07829850763452068,NA,NA,NA,NA
56,2023,28198221,26516730,28086457,0.9403688977400383,57356344,25762868,0.4491720741475433,1701329,340266,0,0
56,2024,11405001,32860367,10000001,0.9828331827096989,19672342,18869496,0.9591890990915063,3969879,709341,146850,0.2070231383777337
57,2022,25700000,7476138,23739911,0.2909003112840467,11938162,3985354,0.33383313109672996,NA,NA,NA,NA
57,2023,25279671,30868752,22245440,1.221089942191099,13688942,7341567,0.536313690276429,2245000,NA,87165.22,NA
57,2024,26098211,28469443,23098211,0.8782317834444733,17981176,15122107,0.8409965510598417,3182400,3455145,528292,0.1529000953650281
58,2022,25739911,8265465,23739911,0.3211147466671505,11938162,1767545,0.14805838620719003,NA,NA,NA,NA
58,2023,27261470,31403088,26222940,1.1519220350186545,14762086,20366216,1.3796299520271051,4659260,0,0,NA
58,2024,25499735,35498759,23434134,0.8884615197868299,23977931,21045095,0.8776860272056,NA,NA,NA,NA
59,2022,25739911,7544168,23739911,0.29309223330259376,11938162,87263,0.007309584172169887,NA,NA,NA,NA
59,2023,27261470,20891942,26209038,0.7663541988014586,14279546,9997331,0.7001154658558473,5913885,2464688,1085082,0.4402512610115357
59,2024,10700000,32474652,8000000,0.9009349599551967,26356197,21184706,0.8037846279567572,7520885,1802878,0,0
60,2022,25739911,13238228,23739911,0.5143074504026063,11938162,3025956,0.2534691688720592,NA,NA,NA,NA
60,2023,27261470,22337721,26209038,0.8193879860477076,14279546,5760000,0.4033741688986471,5456720,516869,358473,0.6935471076810565
60,2024,15328485,33205893,12498485,0.933648728759184,22081537,20319090,0.9201845867885012,3846092,522853,0,0
61,2022,25739911,2808508,23739911,0.10911102217874802,11938162,235450,0.019722466490235263,NA,NA,NA,NA
61,2023,27261470,23379183,26209038,0.8575906948524786,14762086,6749976,0.4572508248495504,4916500,1386595,210042,0.1514804250700457
61,2024,2725000,34637280,0,0.9258470582093733,24222360,23109288,0.9540477476183163,4087245,4750392,381145,0.08023443117957424
62,2022,25739911,2542458,23739911,0.09877493360408278,12855162,1314505,0.10225503186968783,NA,NA,NA,NA
62,2023,28198221,26567109,28082540,0.942155499809722,15331978,1541817,0.10056217143019641,NA,NA,NA,NA
62,2024,22909431,38866240,20171931,0.8297869337824252,25910439,18305227,0.706480774023165,6027429,4691920,655829,0.13977838496820066
63,2022,25739911,4666208,23739911,0.18128298889611547,11938162,1341516,0.11237207201577597,NA,NA,NA,NA
63,2023,27261470,24313246,26209038,0.8918538141927049,14289546,0,0,4774750,527113,138084,0.26196280493935836
63,2024,9590007,31121818,6760007,0.9865950425290508,16266795,15542413,0.9554686709951161,6823629,1071702,69887,0.06521122476210738
64,2022,25739911,5769140,23739911,0.22413208810240254,11938162,1439186,0.12055339842096296,NA,NA,NA,NA
64,2023,28198218,22583430,28082534,0.8008814599560866,15216297,4432251,0.29128315515923486,6072296,773192,275245,0.35598531800639427
64,2024,9077583,22574247,6121408,0.6582867491832453,21834899,14474384,0.6629013488910573,3492463,3954538,489214,0.12370952055587783
65,2022,25739911,9167474,23739911,0.3561579525274971,11938162,2270586,0.19019560967592833,NA,NA,NA,NA
65,2023,27261470,18479103,26209038,0.6778469026064992,15269337,5545261,0.3631631812173639,3766941,4049462,10386,0.0025647851492371083
65,2024,14189875,38643652,11379875,0.9331874826372052,27534029,26765977,0.9721053537061358,5381189,6348866,927172,0.14603741833580988
66,2022,25739911,12617356,23739911,0.49018646567969876,11938162,7170926,0.6006725323378925,NA,NA,NA,NA
66,2023,28198221,25063425,28082540,0.8888300081058305,15222080,4150469,0.2726610949357775,4725407,4961677,235035,0.04737007265890142
66,2024,20700000,36937882,18000000,0.9087542879535104,20847382,21158398,1.0149187077782715,7757855,2653204,0,0
67,2022,25739911,4597995,23739911,0.17863290203295576,11938162,0,0,NA,NA,NA,NA
67,2023,27473155,31498327,26632408,1.146512914152015,14473231,5086817,0.3514638161997138,5648452,6072086,26116,0.004300993101876357
67,2024,22143111,28000121,19333111,0.7600100972333717,24570414,14677030,0.5973456531908661,3746491,2894085,371036,0.1282049421492458
68,2022,25739911,5453430,23739911,0.21186669992759494,11938162,0,0,NA,NA,NA,NA
68,2023,27261470,21467660,26209038,0.7874725757635227,14756728,15922519,1.07900064296096,5940785,553360,154736,0.27962989735434435
68,2024,16100000,35946798,16000000,0.9452281801327314,24727472,22913005,0.9266214111980392,3182029,485920,0,0
69,2022,25739911,6697148,23739911,0.2601853596152683,11938162,950458,0.07961510322945861,NA,NA,NA,NA
69,2023,28198218,47926502,28082534,1.699628749589779,15216297,0,0,3227785,2472723,500578,0.20243998215732212
69,2024,24846249,40507556,22146249,0.8711283818987138,29909164,24604805,0.8226510443421288,3453747,5656549,715745,0.12653386366846642
70,2022,25739911,3327874,23739911,0.12928848122279832,12855162,0,0,NA,NA,NA,NA
70,2023,27261470,16676833,26209038,0.6117363810535529,14279546,3153653,0.22085106907460503,0,0,0,NA
70,2024,0,20878318,0,0.6312867834302655,19886983,8785333,0.4417629863715376,6200000,910000,0,0
71,2022,25739911,3894966,23739911,0.15132010363205994,11938162,1335947,0.11190558479605152,NA,NA,NA,NA
71,2023,21400000,23558659,14500000,1.1008719158878504,25084197,9332352,0.37204109025295884,2865000,579688,0,0
71,2024,9573221,26896742,6798221,0.9938823381604668,18802121,15529028,0.8259189481867498,3788463,1280733,104321,0.08145413602991412
72,2022,25739911,8975621,23739911,0.3487044302523035,11938162,4325609,0.36233458718352124,NA,NA,NA,NA
72,2023,27473155,21671913,26632408,0.788839614525525,14876713,1904528,0.12802075297143933,2102800,2260510,0,0
72,2024,7774719,25747052,4924719,0.8659176904639238,15958015,12688911,0.7951434435924518,3492463,7286903,1006881,0.13817680844660618
73,2022,25739911,5346682,23739911,0.20771952164092564,11938162,3720412,0.31164026757217733,NA,NA,NA,NA
73,2023,27261470,24842705,26209038,0.911275327412645,14279546,4889806,0.34243427627180867,NA,NA,NA,NA
73,2024,18113067,30182197,15263067,0.7522110541605121,21453478,15447806,0.7200606820022376,6890740,1971035,304574,0.1545249069651224
74,2022,25739911,8284908,23739911,0.32187011058429843,11938162,3348469,0.2804844665368086,NA,NA,NA,NA
74,2023,27261470,36946901,26222940,1.355279117377016,14279546,9785429,0.6852759184360623,4070892,398952,29787,0.07466311736750286
74,2024,30635650,36083342,27568453,0.9994155290135475,25164879,24270156,0.964445567173202,7655784,4055952,860696,0.2122056671282106
75,2022,25734783,4867679,23739911,0.1891478548701965,12855162,1140018,0.088681729565135,NA,NA,NA,NA
75,2023,28198221,23409059,28086457,0.8301608459625875,NA,0,NA,1518640,303728,NA,NA
75,2024,11405000,33602457,10000000,0.9294546541445087,22359926,17880742,0.7996780490239548,4668994,223920,15444,0.06897106109324759
76,2022,25739911,4547533,23739911,0.17667244459392265,11938162,1791915,0.15009973897154352,NA,NA,NA,NA
76,2023,28198220,26758924,28082538,0.9489579129462782,15269337,4016868,0.26306761059763106,6032000,6484400,87248,0.013455061378076614
76,2024,21444701,39823991,19694701,0.9146234085953306,31384307,27690673,0.8823095249482488,4020975,880462,11183,0.012701286370110237
77,2022,25739911,7380684,23739911,0.2867408515903571,11938162,0,0,NA,NA,NA,NA
77,2023,27261469,36171422,26209036,1.3268331944987997,14261545,23944584,1.6789614308968628,6151771,732497,271934,0.37124247607840033
77,2024,27542136,35944405,24692136,0.9940259558314422,24705958,24670488,0.9985643139197435,3487500,159390,0,0
78,2022,25739911,6599182,23739911,0.25637936354946994,11938162,1641550,0.137504416509007,NA,NA,NA,NA
78,2023,27261470,31229427,26209038,1.1455518356126797,14244118,2603167,0.1827538216125421,5871267,586436,251017,0.4280381831947561
78,2024,25097277,34580530,21172277,0.8593451909886538,25085165,20260530,0.8076697920862789,NA,NA,NA,NA
79,2022,25739911,4333778,23739911,0.16836802582573032,12855162,1400943,0.10897902336820026,NA,NA,NA,NA
79,2023,21400000,21680656,14500000,1.01311476635514,11588100,0,0,567355,113471,0,0
79,2024,17828221,28983922,14798221,0.8064220683791218,16971519,14302691,0.8427466628060811,3607587,1441992,87104,0.06040532818489978
80,2022,25739911,6852127,23739911,0.26620632060460503,11938162,677841,0.05677934341986648,NA,NA,NA,NA
80,2023,21400000,22521571,14500000,1.0524098598130842,24764786,9340800,0.3771807275055799,1207672,171048,0,0
80,2024,17573220,25689868,14798220,0.72428260552942,21206281,15315942,0.7222361148567257,3599500,1402973,573840,0.409017137179404
81,2022,25739911,6276334,23739911,0.2438366628385001,11938162,2884177,0.24159305259888414,NA,NA,NA,NA
81,2023,28198221,12664171,28096442,0.44911241031836724,15269337,0,0,5773850,1620908,409554,0.25266949142085793
81,2024,7700000,30628712,5000000,0.7065549999841981,26872312,19060027,0.7092812482975042,3895400,3577538,627555,0.17541532752412414
82,2022,25739911,7400376,23739911,0.287505889200627,11938162,2645977,0.2216402323908823,NA,NA,NA,NA
82,2023,27261470,22881492,26222940,0.8393344892993665,28149755,11168294,0.39674569103709784,5932460,1088661,NA,NA
82,2024,12927646,30511177,10007646,0.9308638882982018,20485227,20357306,0.9937554511844072,4346663,5486258,0,0
83,2022,25739911,23668436,23739911,0.9195228375109766,11938162,10960533,0.9181089182740191,NA,NA,NA,NA
83,2023,27261470,25094481,26222940,0.9205109262266489,14452595,1374005,0.09506977812635033,3323891,3490086,885753,0.2537911673236705
83,2024,13725000,28279672,12500000,0.8050880790238986,20614432,13535837,0.6566194499077151,4133414,1171321,333721,0.28490994355945126
84,2022,25739911,12464136,23739911,0.48423384214498644,11938162,1295057,0.10848043442533281,NA,NA,NA,NA
84,2023,27261470,27296292,26209038,1.0012773339075258,14244117,14945617,1.0492484019893968,5932460,1326303,398505,0.30046301636956263
84,2024,13155057,22868644,10805057,0.7571938592472941,17911166,11444760,0.6389734760986526,2893164,1130017,0,0
85,2022,25700000,5675759,23739911,0.22084665369649806,11938162,1588510,0.1330615215307013,NA,NA,NA,NA
85,2023,21400000,18751997,14486098,0.8762615420560748,9962344,785439,0.07884078285190714,0,0,0,NA
85,2024,9828221,31008440,6798221,0.9781921884411552,19966849,18410187,0.9220376735457858,3492463,493375,198589,0.4025112743856093
86,2022,25739911,2290039,23739911,0.0889684117400406,11938162,1289436,0.10800959142621787,NA,NA,NA,NA
86,2023,27261470,21819896,26208989,0.8003932289784813,14082284,2153972,0.15295615398752077,50000,NA,0,NA
86,2024,15178282,32664758,12190782,0.7813217814058103,24094944,20640733,0.8566416672311005,4566003,1351225,424058,0.3138322633166201
87,2022,25739911,6167762,23739911,0.23961862183594962,11938162,2222658,0.18618092131770367,NA,NA,NA,NA
87,2023,28198221,16941326,28096442,0.6007941422971329,15324450,4161277,0.27154494941090873,649476,649476,374275,0.5762722564036239
87,2024,7700000,22311106,5000000,0.5878553110805865,23133159,8165030,0.3529578472183587,2814000,1905284,966002,0.507012077989423
88,2022,25739911,5982494,23739911,0.2324209279511495,11938162,3026993,0.25355603316490427,NA,NA,NA,NA
88,2023,27261470,17869631,26209038,0.6554903679075267,14762086,7330482,0.49657494205087277,3189851,3429090,0,0
88,2024,12810000,31367712,10000000,0.777703293750464,21086377,19474597,0.9235629714862823,5069533,2750600,962471,0.34991310986693813
89,2022,25739911,4555868,23739911,0.1769962607873819,11938162,0,0,NA,NA,NA,NA
89,2023,27261469,21873021,26209036,0.8023419794435875,14279546,9376771,0.6566575015760305,NA,NA,NA,NA
89,2024,23227559,42785809,20527559,1.1474379617488935,22818764,24322423,1.0658957251146468,6984860,1072458,297114,0.2770402197568576
90,2022,25739911,3690912,23739911,0.14339257039389142,11938162,563063,0.047164965595206366,NA,NA,NA,NA
90,2023,27473156,20786215,26632410,0.7566009161815992,14876714,9900419,0.6654977033234625,2531050,3079000,0,0
90,2024,23998291,41706448,21473291,0.8276986355165626,28464451,21394519,0.7516224008676647,7191460,4558011,191855,0.042091824701607786
91,2022,25739911,16815266,23739911,0.6532759961757444,11938162,6775781,0.5675732160444799,NA,NA,NA,NA
91,2023,27261470,24159105,26222940,0.88619964367292,15324450,11365863,0.741681626420524,5527349,6551247,351330,0.05362795815819492
91,2024,25438135,36452021,22518135,0.7877794284569746,30143812,26156127,0.8677113233057584,2202000,2104619,0,0
92,2022,25739911,3534262,23739911,0.1373066907651701,11938162,1047665,0.08775764644507253,NA,NA,NA,NA
92,2023,27261470,23385022,26209038,0.8578048799276048,14279546,11655038,0.8162050810298871,3227785,69555,69490,0.9990654877435123
92,2024,25179161,34753479,22314161,0.9462033125017918,26783977,19952018,0.744923653421596,5210680,1238804,261795,0.21132883006512734
93,2022,25739911,5912271,23739911,0.22969275223989702,11938162,2054250,0.17207422717165338,NA,NA,NA,NA
93,2023,28198221,14785504,28096442,0.5243417306361278,11566703,2659048,0.22988815395363743,2746000,1427128,227833,0.15964440470651547
93,2024,9498221,37325186,6798221,0.9887511540449933,22402759,15366980,0.6859414056991819,6381814,1920657,120375,0.06267386628638012
94,2022,25739911,19971179,23739911,0.7758837627682551,11938162,12054466,1.0097422031967735,NA,NA,NA,NA
94,2023,27261470,26838132,26222940,0.9844711968943715,14279546,1658801,0.11616622825403553,3292923,3457569,88756,0.02567005893447101
94,2024,7059030,23093230,5834030,0.8924120688400579,10143415,10374589,1.0227905493366878,3521193,862337,212472,0.24639091213759817
95,2022,25739911,7390012,23739911,0.2871032460057846,119381620,11918061,0.09983162399706086,NA,NA,NA,NA
95,2023,27261470,21322003,26222940,0.7821296137002149,14229546,7568160,0.5318623658126549,5628916,5910362,101215,0.01712500858661449
95,2024,18693567,33852086,15968567,0.7814573829217554,27729262,21558674,0.7774701685172869,NA,NA,NA,NA
96,2022,25739911,4280089,23739911,0.16628219887784382,11938162,1584174,0.13269831654152456,NA,NA,NA,NA
96,2023,28198221,25973999,28096442,0.9211219033995088,15269337,800124,0.05240070344901026,4907333,3834255,2620030,0.683321792629859
96,2024,14920000,39550110,13000000,1.045540912589454,22033781,21716943,0.9856203526757391,4685385,3164350,248450,0.07851533490290265
97,2022,25739911,5429866,23739911,0.21095123444677022,11938162,0,0,NA,NA,NA,NA
97,2023,27261470,30687923,26222940,1.1256884900190636,14285920,1554232,0.10879467335670366,5096106,2953200,0,0
97,2024,11161150,24631467,8241150,0.8933890536000781,14692892,12268935,0.8350251944954064,5036585,3988550,749593,0.18793621742237154
98,2022,25739910,3700246,23739910,0.14375520349527252,11938162,1554609,0.13022180466306288,NA,NA,NA,NA
98,2023,27261470,27188480,26209038,0.9973225948564035,15938021,15152492,0.950713517067144,5232106,478515,0,0
98,2024,6350000,17585002,5000000,0.54448935805966,20328126,2773403,0.13643180881503786,3452120,227290,88188,0.3879977121738748
99,2022,25739911,11272576,23739911,0.4379415297900603,11938162,5325377,0.44608014198500573,NA,NA,NA,NA
99,2023,27261470,26976633,26209038,0.9895516639418197,14279546,9756883,0.6832768352719337,3123427,660288,211613,0.3204859091790249
99,2024,23825000,27194241,21000000,0.7374199279122412,23043347,16436484,0.7132854441674641,3832473,3052776,951722,0.31175625070427704
100,2022,25739911,6665098,23739911,0.2589402115648341,11938162,2155009,0.1805143036256335,NA,NA,NA,NA
100,2023,28198221,29955665,28082540,1.0623246409764644,15269337,4517363,0.2958453926323062,6526437,7015920,126059,0.017967565194586026
100,2024,17752668,33956005,16027668,0.9971622755676748,22076728,23777519,1.0770399943324935,3200000,833970,77253,0.09263282851901147
101,2022,25739910,3453726,23739910,0.13417785843074043,11938162,1360079,0.11392700149319468,NA,NA,NA,NA
101,2023,27261470,22815754,26209038,0.8369231006251681,15863039,11847767,0.7468787664204822,5126101,0,0,NA
101,2024,6350000,23748266,5000000,0.8792759953418295,15653446,7544227,0.48195311115520506,4229130,1087776,161128,0.14812608478216102
102,2022,25739911,2766534,23739911,0.10748032500967078,11938162,3658405,0.30644625194397596,NA,NA,NA,NA
102,2023,27261470,15618901,26209038,0.5729295228760591,14279546,0,0,5727461,572846,4196,0.007324830757306501
102,2024,12035600,43461251,9005600,0.9925849914689479,27738557,27695805,0.9984587518377398,4598107,1003922,208795,0.20797930516514232
103,2022,25739911,5217038,23739911,0.2026828297891162,11938162,3658405,0.30644625194397596,NA,NA,NA,NA
103,2023,27261470,22523297,26209038,0.8261952491923583,14279546,1178620,0.08253903870613254,5096735,627355,42998,0.06853854675582406
103,2024,15324464,39122733,12474464,0.9966523786624193,25341656,24982536,0.985828866116721,3477807,595327,0,0
104,2022,25739911,12262504,23739911,0.476400404026261,11938162,1417716,0.11875496412261786,NA,NA,NA,NA
104,2023,27261470,27064069,26209038,0.9927589744793659,15057112,3438353,0.22835408277497038,6162134,6624294,0,0
104,2024,11554609,23272090,8854609,0.7812599715421314,19955744,13881955,0.6956370556768017,3476765,5127514,171031,0.03335554032616976
105,2022,25739911,7854912,23739911,0.3051646915173871,11938162,3261383,0.27318970876756404,NA,NA,NA,NA
105,2023,27261470,32137271,26222940,1.178853194636973,15324450,15904115,1.0378261536303097,2929800,3076290,169624,0.05513914487905887
105,2024,17733333,26743479,15500000,0.9213306321256033,13953185,11842047,0.8486984871196075,5429063,1125989,361729,0.3212544705143656
106,2022,25739911,10765080,23739911,0.4182252223016622,11938162,5761141,0.48258190833731357,NA,NA,NA,NA
106,2023,27261470,23736108,26222940,0.8706833490637153,15324450,9985058,0.6515769244573215,4435254,4657017,0,0
106,2024,14233333,31628043,12000000,0.9751884738478381,22067278,21624977,0.9799567033142919,2258370,2624885,216088,0.08232284461985953
107,2022,25466778,4829801,23739911,0.18965104262502308,11938162,1355525,0.11354553573657318,NA,NA,NA,NA
107,2023,27261470,36355741,26222940,1.3335942999405388,14279546,10568375,0.7401058128878887,5402612,700589,0,0
107,2024,18964398,27577129,15934398,1.6648434190001955,8967784,16432040,1.8323411893060761,3478000,9324643,169830,0.018213029710628065
108,2022,25739911,6584553,23739911,0.2558110243660128,11938162,704669,0.059026590525409185,NA,NA,NA,NA
108,2023,27261470,27310629,26209038,1.001803240984437,14279545,0,0,6107585,808346,166675,0.20619264522865208
108,2024,25475159,42332557,22775159,0.9556585418172656,30894074,28490508,0.9221997720339505,2642463,2642463,0,0
109,2022,25739911,6127454,23739911,0.23805264905539106,11938162,1484844,0.12437794025579482,NA,NA,NA,NA
109,2023,28198221,25442086,28096442,0.9022585502823033,15269337,3084607,0.20201315879006404,1024362,204872,0,0
109,2024,10337789,27688917,7527789,0.8771473090782849,18671589,14251475,0.7632706032678847,3612761,343787,0,0
110,2022,25700000,3595656,23739911,0.13990879377431906,12855162,0,0,NA,NA,NA,NA
110,2023,28198221,27361017,28096442,0.9703100418994517,28951262,11818868,0.4082332576728434,3218793,700084,0,0
110,2024,12775000,32672090,10000000,0.9889493867377446,17582253,15924797,0.9057313075861211,6419489,962859,208715,0.216765902380307
111,2022,25739911,5193049,23739911,0.2017508529846898,11938162,2148563,0.17997435451118857,NA,NA,NA,NA
111,2023,27261470,17535335,26209038,0.6432277863226011,14279546,8654316,0.6060638062302541,NA,285286,62563,0.2192992295450881
111,2024,15153899,39554284,12303899,0.9078691982739822,29325165,25811427,0.8801801115185541,NA,NA,NA,NA
112,2022,25739911,2629859,23739911,0.10217047759022943,11938162,957487,0.08020388733207004,NA,NA,NA,NA
112,2023,27261470,17513199,26209038,0.6424157978274833,14279546,1251176,0.08762015262950236,3232785,574188,155556,0.27091475265940773
112,2024,10860613,30558725,8085613,0.7519239019293829,23251869,16354598,0.7033670282591047,6769785,2324773,915608,0.39384834562342214
113,2022,27100120,7567588,23739911,0.2792455531562222,11938162,571402,0.04786348183246299,NA,NA,NA,NA
113,2023,28198221,29362391,28082540,1.0412852285965133,15216297,6501057,0.4272430408002683,0,0,0,NA
113,2024,25010381,35537624,22310381,0.8433916769665107,22826004,18217592,0.7981069310248083,6663137,4126897,857626,0.20781376419135247
114,2022,25739911,5778524,23739911,0.22449665812752811,11938162,842617,0.07058180312848829,NA,NA,NA,NA
114,2023,28198221,31837250,28063534,1.1290517228019457,15269336,5080000,0.3326929212900941,NA,NA,NA,NA
114,2024,22500000,28802073,19800000,0.8046169902092982,19423324,15195055,0.7823097117671517,4352524,442551,141105,0.31884460774012485
115,2022,25739911,6005765,23739911,0.2333250103312323,11938162,1487068,0.12456423358972679,NA,NA,NA,NA
115,2023,28198221,34832728,28096442,1.2352810484037273,15269337,11535427,0.7554635148860753,4784691,5143543,0,0
115,2024,20658266,31656763,17845766,0.9848354060078676,20502916,22635375,1.1040075957975928,3329591,3143449,865730,0.27540768118076675
116,2022,24971319,23609014,23739911,0.9454452125656638,11938162,11526668,0.9655312099132178,NA,NA,NA,NA
116,2023,27261470,32431332,26209038,1.1896398836893243,14279546,6751408,0.4728027067527217,3837970,532625,67448,0.1266331846984276
116,2024,28801287,32174677,26051287,0.7667701342095946,25714667,18747142,0.729044712109241,3420260,4985363,446323,0.0895266804042153
117,2022,25739911,5905079,23739911,0.22941334179438305,11938162,2674312,0.2240137133337611,NA,NA,NA,NA
117,2023,28198221,17821329,28096442,0.6320018911831353,15324450,4785875,0.3123032147972684,2314000,486673,102104,0.20980000945193178
117,2024,7700000,27922761,5000000,0.7817263059914544,22177013,15179461,0.6844682374492904,7675600,1852328,301218,0.1626159081976842
118,2022,25739911,11016670,23739911,0.42799953737213775,11938162,4122057,0.345284056289402,NA,NA,NA,NA
118,2023,27261470,23102560,26222940,0.8474436631626981,14762086,0,0,6039975,6492973,554387,0.08538261286470773
118,2024,21060026,35601235,19250026,0.8324067673631924,30142972,24691519,0.8191467981325796,3457000,3914855,2040975,0.5213411480118676
119,2022,25739911,5905617,23739911,0.22943424318755415,11938162,1775013,0.14868394313965583,NA,NA,NA,NA
119,2023,27261470,30846556,26209038,1.1315074352190106,14181629,3858317,0.2720644433724786,4424570,1329597,434014,0.32642522508700006
119,2024,25635641,40881733,22604271,0.9919492463798238,25663393,25739028,1.0029471940830272,4381360,1274405,322492,0.25305299335768455
120,2022,25739911,6649797,23739911,0.2583457650649996,11938162,2293953,0.19215294615703823,NA,NA,NA,NA
120,2023,27261470,24079657,26209038,0.8832853474152348,14279546,2179124,0.15260457160192628,3089753,1283239,413127,0.321940807597026
120,2024,30468142,43017324,27743142,1.101507658847951,29234150,28033136,0.9589174304708705,3655921,2969092,745214,0.25099053852154124
121,2022,25739911,2635615,23739911,0.10239409918705625,11938162,1073595,0.08992967259114092,NA,NA,NA,NA
121,2023,27261470,27105683,26208989,0.9942854512247505,14082284,2153971,0.15295608297631266,30000,29875,125,0.0041841004184100415
121,2024,8788156,28151105,5800656,0.9334641900385541,15596637,16217841,1.0398293555206806,4633449,1340390,238418,0.17787211184804422
122,2022,25739911,7217601,23739911,0.2804050487975658,11105224,1749938,0.15757791108040684,NA,NA,NA,NA
122,2023,27473154,18506995,26646308,0.6736392552526004,14876713,10342809,0.6952348277472316,1770000,51663,150916,2.921162146991077
122,2024,15648718,37054457,12648718,0.852947782855717,25705528,23093733,0.8983955902403561,1868000,505917,0,0
123,2022,25684041,6209661,25684041,0.2417711839036544,11164058,1339162,0.11995297767173907,NA,NA,NA,NA
123,2023,27261470,23659028,26222940,0.8678559153266496,14762086,3894394,0.2638105481840439,5934134,1313203,410925,0.3129181093859822
123,2024,13660432,33219243,10760432,0.9617166112074731,20047556,20065230,1.0008816037226682,3842463,602136,68389,0.11357733136700014
124,2022,25739911,9938758,23739911,0.38612246949882617,11938162,1304710,0.10928901785718773,NA,NA,NA,NA
124,2023,28198221,29492187,28082540,1.0458882140117989,15057112,3438354,0.22835414918876873,5631374,6053727,0,0
124,2024,10870772,28238508,8170772,1.026497540565153,18979527,19213577,1.0123317087933752,1980000,5001514,108832,0.021759811129190083
125,2022,25739911,5979286,23739911,0.2322962965955865,11938162,722451,0.06051609954698219,NA,NA,NA,NA
125,2023,27261470,29713206,26209038,1.089934108468839,14261546,6418397,0.45004917419191437,5947175,6393213,24222,0.003788705303577403
125,2024,14541482,27270319,9331482,0.9962522430026246,16177003,16217210,1.0024854418336944,3619000,4155262,212354,0.05110484007987944
126,2022,25739911,6599524,23739911,0.2563926503086976,11938162,705100,0.05906269323535734,NA,NA,NA,NA
126,2023,27261470,26317522,26222940,0.965374280990717,15324450,9654567,0.6300106692246704,3739510,3926486,252602,0.06433284112053372
126,2024,24586648,32949431,20586648,0.7944493146327746,28045958,21109139,0.7526624335670759,3942863,3265678,998242,0.30567679973347034
127,2022,25442383,17599729,23739911,0.691748449820915,11938162,8250941,0.6911399761537831,NA,NA,NA,NA
127,2023,27261470,28032345,26209038,1.0282770885062325,14279546,1781617,0.12476706192199669,3259131,782577,126375,0.1614857068377936
127,2024,21919524,36013141,19169524,0.9209634242673641,27271771,24433915,0.8959416313667344,3529595,5128792,741781,0.1446307434577187
128,2022,25739911,7098635,23739911,0.27578319909497745,11938162,431017,0.036104133952948536,NA,NA,NA,NA
128,2023,28198221,26208275,28082540,0.9294300870966292,15331978,2459799,0.1604358550475353,2949300,249319,0,0
128,2024,20700000,32047264,18000000,0.7918623110373064,21597349,15118145,0.7000000324113853,4446575,1553224,958943,0.6173887346577184
129,2022,25739911,6657401,23739911,0.25864118178186396,11938162,2443030,0.20464037931467172,NA,NA,NA,NA
129,2023,27261470,31617369,26158878,1.159782249453166,14279546,7875442,0.551519074906163,1441360,NA,NA,NA
129,2024,30635642,33936311,29605642,0.7395624496099245,28124009,22085258,0.7852812876002138,NA,NA,NA,NA
130,2022,25739911,9605937,23739911,0.37319231601072744,11938162,1094093,0.09164668732087905,NA,NA,NA,NA
130,2023,28198221,24701318,28082540,0.8759885242405895,15198297,2146888,0.14125845810224658,1950000,446979,54331,0.12155157177406545
130,2024,9690000,34068728,6990000,0.9825415998035651,19825645,16155288,0.8148682174022586,3490000,531986,333721,0.627311620982507
131,2022,25739911,7690756,23739911,0.29878720248877316,11938162,867831,0.07269385354294908,NA,NA,NA,NA
131,2023,28198218,24095525,28082534,0.8545052385934458,15216297,4527333,0.29753185022610956,6152784,345269,75403,0.21838914006180687
131,2024,10714923,32345473,7758748,0.9900340882621842,23530700,15320836,0.6510998822814451,4020951,5825390,604598,0.10378669925962039
132,2022,25739911,5697690,23739911,0.22135624322865763,11938162,2949806,0.24709046501463122,NA,NA,NA,NA
132,2023,27473155,25329890,26632408,0.9219869359744085,14876713,5805922,0.3902691407705452,4243143,4561379,0,0
132,2024,11179518,30962848,8369518,0.9913836322889051,17734706,16438093,0.9268883848426921,5440744,2645605,764481,0.2889626380355344
133,2022,25739911,5871226,23739911,0.22809814688170446,11938162,1664757,0.13944835059199231,NA,NA,NA,NA
133,2023,27261470,25496241,26209038,0.9352482092858528,15331978,15204836,0.9917073974408259,3718200,468695,113167,0.24145126361493083
133,2024,18053326,37949735,15243326,0.946439103375988,23505150,24621290,1.0474849128807942,6119327,1699252,427516,0.2515906999079595
134,2022,25739911,2580027,23739911,0.10023449576030002,12855162,0,0,NA,NA,NA,NA
134,2023,27261470,22979271,26209038,0.8429211997738933,15331978,1541817,0.10056217143019641,6071320,1599885,330778,0.20675111023604822
134,2024,19237500,35202569,16500000,0.7798513392814221,25515716,15899848,0.6231394016142835,6597867,4430099,351275,0.07929281038640446
135,2022,25739911,5203362,23739911,0.20215151482070004,11938162,1717715,0.14388437684125915,NA,NA,NA,NA
135,2023,27261470,36061017,26222940,1.3227832908496864,15324450,8006297,0.5224524860598586,2489032,3387510,289215,0.0853768697361779
135,2024,29600000,37306842,26750000,0.9692199968543798,24806725,25489976,1.0275429747376972,3562463,3740586,81523,0.021794178773058552
136,2022,25739911,4358899,23739911,0.16934398102619702,11938162,881123,0.07380725776715041,NA,NA,NA,NA
136,2023,27261470,25680527,26209038,0.9420081528985781,14762086,4578625,0.3101611113768068,3370360,990737,0,0
136,2024,14566544,49835701,11841544,0.9758330086639868,28466961,27974670,0.9827065839588567,6108489,4553805,262973,0.05774797120210461
137,2022,25739911,4336076,23739911,0.16845730352369906,11938162,0,0,NA,NA,NA,NA
137,2023,28198218,50315931,28082534,1.7843656290620917,15216297,0,0,3242700,2997280,479415,0.1599500213526931
137,2024,17700000,35981867,15000000,0.881883453359744,24842895,20495068,0.8249871039586972,3405000,6416506,943944,0.14711183937177025
138,2022,25739911,21018085,23739911,0.8165562421719329,11938162,3276624,0.27446637095392074,NA,NA,NA,NA
138,2023,21883604,37601760,15453306,1.7182617634645554,11588100,10330229,0.8914514890275369,561300,NA,0,NA
138,2024,35516856,30929703,32486856,0.8825137760353694,21957023,16910050,0.7701431109308398,3288763,3453201,352280,0.10201549229251353
139,2022,25739911,10880850,23739911,0.42272290685076575,11938162,2067409,0.17317649065241367,NA,NA,NA,NA
139,2023,27261470,19112800,26209038,0.7010920540968627,14216546,0,0,2926000,3145450,179550,0.05708245243128964
139,2024,8885618,28333594,6075618,0.8641098420300767,20693591,13435524,0.6492601501595349,6954612,11085906,386310,0.03484694890972375
140,2022,25739911,4249075,23739911,0.1650772996068246,12855162,1348629,0.10490952972821346,NA,NA,NA,NA
140,2023,28198221,18646058,28096442,0.6612494454880682,15290793,2276428,0.14887573195190074,0,0,0,NA
140,2024,23745381,45157489,20790381,0.8689705609270562,30791802,29385710,0.954335507873167,7580800,1451342,486665,0.33532068940332466
141,2022,25739911,3374384,23739911,0.13109540277742218,11938162,1774655,0.14865395527385203,NA,NA,NA,NA
141,2023,27261470,19351687,26209038,0.7098548610914965,14279546,986137,0.06905940847138978,2386200,553247,326778,0.5906548069849452
141,2024,11118446,33633115,8343446,0.7816780615770464,25574757,19351936,0.7566811289741677,6710948,3085816,1534437,0.4972548590064994
142,2022,25739911,6733996,23739911,0.2616169107966224,11938162,2867614,0.24020565309802297,NA,NA,NA,NA
142,2023,27473155,21250833,26632408,0.7735126526239887,14448760,0,0,6119671,6578646,0,0
142,2024,3537566,22826875,725066,0.8369561789974803,13504581,9066660,0.6713766239767084,3969974,2600179,1296935,0.4987868142924006
143,2022,25739911,9309994,23739911,0.3616948792091783,11938162,4302740,0.3604189656665741,NA,NA,NA,NA
143,2023,28198221,34862658,28082540,1.236342462880903,15216297,12191020,0.8011817855553162,6117463,6576273,103349,0.015715436387753367
143,2024,18468408,25778980,15693408,0.9815948257168068,15161000,14791955,0.9756582679242795,4419944,5664483,1258462,0.222167142173434
144,2022,25739911,6576085,23739911,0.2554820410995205,11938162,2562320,0.2146327047664456,NA,NA,NA,NA
144,2023,27261470,21727276,26222940,0.7969957599498486,14284335,9618941,0.6733908858900327,4620650,270683,NA,NA
144,2024,10469480,34363708,7329480,0.9533378440915398,26410636,25877509,0.979813927994767,NA,NA,NA,NA
145,2022,25739911,5631956,23739911,0.2188024659448123,11938162,2786008,0.23336992746454605,NA,NA,NA,NA
145,2023,27261470,34615813,26222940,1.2697705956428615,14279546,5540210,0.3879822229642315,3407650,NA,91736,NA
145,2024,9910386,20319798,7210386,0.9537555389481117,7661017,9160336,1.1957075672851267,2127000,3788538,999198,0.2637423723874487
146,2022,25739911,10495451,23739911,0.40775008895718406,11938162,3074092,0.25750128034784586,NA,NA,NA,NA
146,2023,27261470,31432374,26209038,1.1529962984387856,14762086,11589180,0.7850638453129185,5505814,5918750,208522,0.03523074973600845
146,2024,17902280,31835864,15092280,0.9869376526228129,21473249,19507531,0.9084573554751775,4487719,2575259,722562,0.2805783806599647
147,2022,25739911,5695855,23739911,0.22128495316087146,11938162,1122156,0.09399738418694603,NA,NA,NA,NA
147,2023,27261470,25885002,26222940,0.9495086655268407,14332167,994120,0.06936285350289317,5884590,1471148,287210,0.1952284882282408
147,2024,24491544,35704775,21641544,0.7904402681523245,30754342,22229673,0.7228141314159803,3474247,849235,149082,0.17554858195905726
148,2022,25977038,2966507,23739911,0.11419727684118566,11938162,0,0,NA,NA,NA,NA
148,2023,28198221,24517636,28082540,0.8694745672076263,14916953,10342243,0.6933214175844088,5955905,7441135,333376,0.044801767472300934
148,2024,37948209,36390688,35840715,0.7053702061367172,43277607,29192443,0.6745392137786177,3719880,1155444,290600,0.25150504914128247
149,2022,25739911,9633808,23739911,0.37427510918744045,11938162,4871606,0.40807001948876215,NA,NA,NA,NA
149,2023,28198221,16108271,28096442,0.5712513211383087,15269337,2241620,0.1468053262561433,1613600,1734620,10929,0.006300515386655291
149,2024,11810000,31620283,10000000,0.7723421665005323,28073554,19279084,0.6867347112517354,5495875,1690820,630820,0.3730852485776132
150,2022,25739911,6101403,23739911,0.23704056319386652,11938162,895040,0.074973015109026,NA,NA,NA,NA
150,2023,28198221,20990693,28064140,0.7443977760157281,15269331,609773,0.039934493528236435,1629000,214087,50738,0.23699710865209003
150,2024,10700000,34345701,8000000,0.9095216673060156,23399567,14611094,0.6244172808838727,2310000,346285,44438,0.12832782245837965
151,2022,25739911,9981669,23739911,0.3877895692801735,11938162,3568056,0.2988781690179778,NA,NA,NA,NA
151,2023,28198221,35123376,28082540,1.2455883653085775,15269337,6063388,0.3970956957725145,5112677,1100931,602767,0.5475066103143612
151,2024,24563266,32059949,21863266,0.9066820993293031,20616573,15198480,0.7371972053745305,4642000,610811,228389,0.37391107887709946
152,2022,25700000,11143718,23739911,0.43360770428015566,11938162,4971910,0.41647198287307546,NA,NA,NA,NA
152,2023,28198221,33948133,28083350,1.2039104523650623,15269337,7906802,0.5178222210957817,4920867,1251392,262438,0.20971685930547743
152,2024,22920241,27161064,20220241,0.8373869113352065,16221885,12893308,0.7948094811422963,562500,83638,37080,0.4433391520600684
153,2022,25739911,5658312,23739911,0.2198264011091569,11938162,1167544,0.09779930947494263,NA,NA,NA,NA
153,2023,27261470,39628266,26209038,1.4536364326648563,16138294,12938294,0.8017138614527657,3070000,446220,171491,0.38431939402088655
153,2024,24621291,30677139,21846291,0.9627608417436044,20165419,19872452,0.9854718119172232,3884850,999567,238041,0.23814411640240224
154,2022,25739911,6546261,23739911,0.25432337353458606,11938162,324457,0.027178136801963317,NA,NA,NA,NA
154,2023,28198218,27491150,28082534,0.9749250821452619,15216297,2091943,0.13748042641386404,6136672,289648,191472,0.6610506545876375
154,2024,7502826,25119921,4546651,0.9512177499910918,17681612,10126325,0.5727037218099797,3859954,4616096,1784421,0.38656496745301655
155,2022,25739911,4376238,23739911,0.17001760417897327,11938162,631209,0.052873214486451096,NA,NA,NA,NA
155,2023,28198221,27441686,NA,0.9731708252091507,15269331,11666587,0.7640535790336852,5808657,489126,813708,1.6635958832693416
155,2024,20537565,30040105,19075065,0.6950720535457204,32241138,19121862,0.5930889288089025,3492461,6951772,362748,0.052180652645109765
156,2022,25739911,3886406,23739911,0.15098754614963508,11938162,844015,0.070698906582102,NA,NA,NA,NA
156,2023,28198221,26490450,NA,0.939436924052762,15269331,11666587,0.7640535790336852,5808657,489126,813708,1.6635958832693416
156,2024,25910722,35566105,24448222,0.8264263870293034,32397520,26925333,0.8310924107771213,3492000,6280152,241752,0.03849460968460636
