ecz,year,cdf_release,cdf_disbursed,cdf_expenditure,cdf_burn_rate,projects_release,projects_expenditure,project_burn_rate,loans_issued,loans_due,loans_recovered,repay_rate
bahati,2022,25.739911,23.739911,4.657582,0.18094786730226067,11.938162,0,0,NA,NA,NA,NA
bahati,2023,27.261469,26.209036,18.379583,0.6741963538355178,14.279546,6.047867,0.4235335633219712,NA,NA,NA,NA
bahati,2024,23.395045,20.695045,38.883176,0.9704710625697796,28.348527,24.348557,0.8589002525598597,4.851308,0.770821,0.22626,0.29353118298541425
bangweulu,2022,25.739911,23.739911,4.315441,0.16765563020011995,12.855162,0,0,NA,NA,NA,NA
bangweulu,2023,27.26147,26.22294,18.929968,0.6943854458325248,14.762086,9.70224,0.6572404469124485,NA,NA,NA,NA
bangweulu,2024,21.443482,18.413482,42.866621,0.886667935030641,28.118729,26.581332,0.9453248046880072,NA,NA,NA,NA
bwacha,2022,25.7,23.739911,4.686583,0.1823573151750973,12.855162,2.477107,0.19269356543309216,NA,NA,NA,NA
bwacha,2023,28.198218,28.082534,34.013296,1.2062214711582129,15.216294,8.534383,0.5608713264872511,3.856453,0.385745,0.154348,0.40012961930809215
bwacha,2024,24.386872,21.686872,25.449823,0.6745098081829184,17.825525,9.899159,0.5553361822442817,6.201788,0.989457,0.337508,0.34110426223676216
bwana mkubwa,2022,25.739911,23.739911,5.045635,0.19602379355546337,11.938162,0.131607,0.01102405881240345,NA,NA,NA,NA
bwana mkubwa,2023,28.198221,28.08254,22.690089,0.8046638474107994,15.198297,6.896431,0.45376340520256975,0,0,0,NA
bwana mkubwa,2024,10.875971,8.175971,36.853554,0.9681533484774518,19.613051,17.796869,0.9073993128351115,9.420456,4.778124,0.594677,0.12445826018747108
bweengwa,2022,25.739911,23.739911,10.166437,0.3949678380783834,11.938162,4.210245,0.35267112307572973,NA,NA,NA,NA
bweengwa,2023,27.26147,26.22294,27.898987,1.0233852759957551,15.32445,12.863687,0.8394224262534707,5.141831,6.122589,0,0
bweengwa,2024,10.233333,8,24.055214,0.9867969344629088,13.737476,13.827097,1.0065238330534665,2.765644,2.624885,0.26085,0.09937578217712396
chadiza,2022,25.739911,23.739911,5.67951,0.2206499470802366,11.938162,0.3075,0.02575773389572029,NA,NA,NA,NA
chadiza,2023,27.26147,26.209038,25.779146,0.945625676091568,14.279546,11.368053,0.7961074532761756,5.083597,0.245485,0.128817,0.5247448927633053
chadiza,2024,24.845238,21.145238,42.721673,0.9073280735851632,30.120454,28.800187,0.9561670949581303,4.257288,1.394403,0.873235,0.6262429154268888
chama north,2022,25.739911,23.739911,4.144285,0.16100618995924268,11.938162,0.3075,0.02575773389572029,NA,NA,NA,NA
chama north,2023,27.26147,26.209038,24.768244,0.9085439633299304,14.762086,13.403931,0.9079970811713196,3.107808,0.119059,0.09513,0.7990156141072914
chama north,2024,18.864608,15.834608,39.120867,0.9920497042403252,29.367939,28.532224,0.971543287392418,3.668,2.253265,0.400164,0.17759295954980883
chama south,2022,25.739911,23.739911,4.114386,0.15984460863131966,11.938162,0,0,NA,NA,NA,NA
chama south,2023,27.26147,26.209038,21.991149,0.8066750985915286,14.762086,9.978022,0.6759222240000499,3.107808,0.079534,0.246633,3.100975683355546
chama south,2024,23.236375,20.206375,42.029245,0.890697935084353,35.646625,31.074287000000002,0.8717315313862112,NA,NA,NA,NA
chasefu,2022,25.48917,25.48917,8.40686,0.3298208611735886,11.938162,2.806662,0.2351000095324557,NA,NA,NA,NA
chasefu,2023,27.26147,26.209038,21.868151,0.8021633096087628,14.244118,9.575785,0.6722624033302729,5.678228,0.76916,0.329942,0.4289640646939518
chasefu,2024,26.64986,23.94986,39.932791,0.8312905236214688,29.767362,25.003898,0.8399769519381663,4.347533,3.019054,0.133785,0.04431354987356967
chavuma,2022,25.739911,23.739911,2.430662,0.09443163964319844,11.938162,0,0,NA,NA,NA,NA
chavuma,2023,21.4,14.486098,23.94351,1.1188556074766356,11.5881,2.410589,0.2080227992509557,6.137397,0.61374,0,0
chavuma,2024,16.379571,13.679571,34.610236,0.947612733112238,21.02751,22.504306,1.0702316156311422,3.581267,1.600131,0.435679,0.27227708231388553
chawama,2022,25.739911,23.739911,5.853255,0.22739997041947815,11.938162,2.399545,0.20099785879936963,NA,NA,NA,NA
chawama,2023,28.198221,28.096442,11.473353,0.4068821575658975,14.331977,4.27541,0.2983126473060904,5.3251,1.701402,0.734136,0.4314888544858887
chawama,2024,7.7,5,37.27544,0.8274635357606761,29.491268,17.512742,0.5938280442875498,7.6756,2.594735,0.575427,0.22176715541278785
chembe,2022,25.739911,23.739911,6.370833,0.24750796535388175,11.938162,2.717149,0.22760195413665857,NA,NA,NA,NA
chembe,2023,27.26147,26.209038,20.404656,0.7484796674574041,14.279546,11.327217,0.7932476984912545,NA,NA,NA,NA
chembe,2024,23.162981,19.962981,39.157888,0.8864265406255281,27.219825,16.073121,0.590493179144245,3.099025,0.995651,0.267947,0.2691173915357892
chienge,2022,25.739911,23.739911,6.132459,0.2382470941721593,11.938162,1.471463,0.12325708094763668,NA,NA,NA,NA
chienge,2023,27.26147,26.158878,21.621004,0.7930975108825753,14.762086,2.6439,0.17910070433135264,2.93435,NA,NA,NA
chienge,2024,15.09,12.29,34.445918,0.9412733497270024,22.303004,20.317326,0.9109681368482918,6.536715,1.386079,0.196784,0.1419717057974329
chifubu,2022,25.739911,23.739911,9.152391,0.355571975365416,11.938162,0.192106,0.01609175683828046,NA,NA,NA,NA
chifubu,2023,28.198221,28.08254,22.646618,0.8031222253347117,15.198297,0,0,2.445,0.272672,0.032432,0.11894143879826312
chifubu,2024,16.192463,13.492463,38.182316,0.9891212330801038,19.017286,20.56557,1.0814145614679191,9.1452,4.609464,0.275735,0.05981931955646036
chifunabuli,2022,25.739911,23.739911,3.230054,0.1254881572822843,12.855162,0,0,NA,NA,NA,NA
chifunabuli,2023,27.26147,26.209038,15.281367,0.56054816559782,14.279546,4.928,0.34510901116884246,0.4,NA,0,NA
chifunabuli,2024,2.825,0,34.973213,0.9990728929690156,19.219976,19.219203,0.9999597814274066,4.153686,2.863761,0.743807,0.25973082250928065
chikankata,2022,25.739911,23.739911,5.568897,0.2163526128742248,11.938162,0.185894,0.01557140873109277,NA,NA,NA,NA
chikankata,2023,27.26147,26.22294,18.976954,0.6961089772488425,14.284335,11.229995,0.7861755552498594,3.00998,1.165439,0.53584,0.4597752434919374
chikankata,2024,11.9,9,31.747158,0.7925413757363369,22.744546,19.428803,0.8542181057384043,3.12998,2.73399,0.873678,0.3195615199762984
chilanga,2022,25.7,23.749911,20.690498,0.8050777431906615,11.938162,13.34533,1.1178714110262535,NA,NA,NA,NA
chilanga,2023,22.6,16.886098,27.483997,1.2161060619469026,9.618075,0,0,3.059982,0,0.751877,Inf
chilanga,2024,23.438311,20.738311,27.771299,0.7407733947341825,21.137836,14.139385,0.668913553875619,3.9516,0.683692,0.111576,0.16319629306763864
chililabombwe,2022,25.739911,23.739911,8.762858,0.34043855085590624,11.938162,2.701559,0.22629605796939264,NA,NA,NA,NA
chililabombwe,2023,28.198221,28.08254,24.739134,0.8773296017504083,15.269337,2.274906,0.148985250636619,NA,NA,NA,NA
chililabombwe,2024,12.360772,9.660772,31.279746,0.9984302365944572,18.734021,19.758894,1.054706514954798,4.497463,2.380225,0,0
chilubi,2022,25.7,23.739911,4.993657,0.194305719844358,11.938162,0.756548,0.06337223435232325,NA,NA,NA,NA
chilubi,2023,28.198221,28.096442,20.272363,0.71892347393121,29.264845,9.543326,0.3261020517962764,3.624982,0.589478,0,0
chilubi,2024,11.85,9.1,19.9503,0.4985043470299695,26.252636,12.141728,0.462495575682381,NA,NA,NA,NA
chimbamilonga,2022,25.7,23.739911,3.234849,0.12586961089494164,11.938162,0,0,NA,NA,NA,NA
chimbamilonga,2023,28.198221,28.096442,19.313753,0.6849280669159945,29.114603,8.176441,0.28083642425074457,2.579445,0.515889,0.283627,0.5497829959545562
chimbamilonga,2024,12.975,10.5,37.044229,0.8495893504848838,34.461906,27.883689,0.8091162746483029,3.492464,0.71963,0.431755,0.5999680391312202
chimwemwe,2022,25.739911,23.739911,4.670292,0.18144165300338452,11.938162,0.456896,0.0382718880846147,NA,NA,NA,NA
chimwemwe,2023,28.198218,28.082534,29.110834,1.0323643146527912,15.216297,6.288798,0.41329358910384045,6.128872,0.323348,0.096381,0.2980720462164603
chimwemwe,2024,4.74065,1.784475,25.302922,0.9696707455071488,18.345792,12.169413,0.663335385029984,2.962,4.743626,1.228063,0.2588869780206112
chingola,2022,25.739911,23.739911,8.660707,0.3364699668153476,11.938162,1.660271,0.13907258085457375,NA,NA,NA,NA
chingola,2023,28.198221,28.08254,30.787838,1.0918361835663322,15.331978,6.823279,0.445035793816036,2.991,0.255768,0,0
chingola,2024,17.7,15,29.500965,0.952404573394012,15.674169,15.363276,0.9801652642637704,3.37424,2.487921,1.206969,0.485131561653284
chinsali,2022,25.739911,23.739911,3.993332,0.1551416397671305,11.938162,0,0,NA,NA,NA,NA
chinsali,2023,27.26147,26.22294,20.255714,0.7430162056558212,14.337847,0.957953,0.06681289038723875,6.12565,1.632058,0.299287,0.18338012497104883
chinsali,2024,10.92,8,31.336575,0.8515832061503094,23.517998,19.269394,0.8193466977928988,3.73089,0.746291,0,0
chipangali,2022,25.739911,23.739911,11.690021,0.45415934033338345,11.938162,4.18929,0.3509158277463482,NA,NA,NA,NA
chipangali,2023,28.198221,28.08254,30.774533,1.091364345289726,15.269337,17.544106,1.148976278406849,6.09389,0.905631,0.26772,0.295617089079327
chipangali,2024,30.199134,30.199134,30.568278,0.7131409750565069,26.032937,16.107524,0.6187363338988605,3.403938,0.727207,0,0
chipata central,2022,25.739911,23.739911,5.74217,0.22308429893172513,11.938162,0,0,NA,NA,NA,NA
chipata central,2023,27.26147,26.209038,19.08444,0.7000517580306564,14.756728,14.404436,0.9761266860783772,6.157602,0.463346,0.463346,1
chipata central,2024,18.164826,15.464826,32.882286,0.931925901850538,22.644728,20.551188,0.9075484589613972,3.492463,0.42514,0,0
chipili,2022,25.739911,23.739911,5.436438,0.21120655778491232,11.938162,1.444142,0.12096853770287253,NA,NA,NA,NA
chipili,2023,27.26147,26.209038,27.848027,1.021515971075661,14.762086,10.137318,0.6867131108706452,NA,NA,NA,NA
chipili,2024,25.671564,22.971564,37.225922,0.8174328807608514,26.076612,24.479368,0.9387480244749586,5.827863,1.579147,0.61499,0.3894444279094979
chirundu,2022,25.739911,23.739911,8.716667,0.3386440225065269,11.938162,4.680788,0.3920861519553848,NA,NA,NA,NA
chirundu,2023,27.26147,26.209038,40.507957,1.485905088757136,15.32445,6.355822,0.4147504151861894,NA,NA,NA,NA
chirundu,2024,12.85,10,24.88573,0.92728848158534,20.925962,16.661843,0.796228292873704,4.391251,2.324915,0,0
chisamba,2022,25.739911,23.739911,4.183509,0.1625300491520736,11.938162,1.073574,0.08992791352638706,NA,NA,NA,NA
chisamba,2023,27.26147,26.209038,28.47645,1.0445676627122455,14.762086,1.685532,0.11417979816673604,4.543556,0.478188,0.219914,0.459890252369361
chisamba,2024,15.288898,12.513898,28.953713,0.8476697925422236,16.843654,13.043074,0.7743613113876597,3.233549,1.172897,0.022114,0.01885417048555841
chitambo,2022,25.739911,23.739911,2.670426,0.10374651256564174,11.938162,0,0,NA,NA,NA,NA
chitambo,2023,27.26147,26.209038,22.151665,0.8125631156353638,14.762086,1.851817,0.1254441276117752,5.322805,0.534481,0,0
chitambo,2024,4.532761,1.832761,27.789984,0.8773471179935631,18.68984,17.974468,0.9617240168990212,NA,NA,NA,NA
choma central,2022,25.739911,23.739911,7.187379,0.2792309188637055,11.938162,1.118829,0.09371869807094256,NA,NA,NA,NA
choma central,2023,27.26147,26.22294,23.39029,0.8579981196905376,14.229546,8.730829,0.6135704540397845,5.407363,5.999803,0.176406,0.02940196536452946
choma central,2024,11.725,9,29.267502,0.8937747383653472,19.045906,16.630567,0.8731832972398372,5.297415,1.04385,0,0
chongwe,2022,25.739911,23.739911,10.8491,0.42148941385228567,11.938162,1.660271,0.13907258085457375,NA,NA,NA,NA
chongwe,2023,28.198221,28.096442,32.906134,1.16695780205425,15.32445,18.94903,1.236522681075014,5.678228,0.76916,0.329942,0.4289640646939518
chongwe,2024,28.158722,25.348722,27.944709,0.7916469260436279,20.21375,15.202195,0.7520719807062025,3.296727,0.270816,0.111853,0.41302212572373864
dundumwezi,2022,25.739911,23.739911,4.89942,0.19034331548388023,11.938162,2.41319,0.20214083206443337,NA,NA,NA,NA
dundumwezi,2023,27.26147,26.22294,22.718916,0.8333709077316814,14.619613,0.056575,0.00386980147832914,5.575169,5.853927,0.040461,0.00691177050892503
dundumwezi,2024,14.90625,13,28.797766,0.7536075742599183,20.682598,16.665265,0.8057626512878121,3.41,3.129695,0,0
feira,2022,25.739911,23.739911,3.677565,0.1428740371324516,11.938162,0.348872,0.02922325899078937,NA,NA,NA,NA
feira,2023,28.198221,28.08254,34.396365,1.2198062069234794,15.331978,15.204836,0.991707397440826,1.025,0.202175,0.071042,0.3513886484481266
feira,2024,24.711883,20.791883,35.134283,0.929532313872072,23.374096,20.639756,0.8830183635764994,4.756437,3.231471,0.551951,0.1708048749315714
gwembe,2022,25.739911,23.739911,4.17363,0.1621462482912237,11.938162,1.125137,0.09424708761700502,NA,NA,NA,NA
gwembe,2023,27.26147,26.22294,30.164372,1.1064836929189803,14.332167,1.992598,0.13902977826032867,3.1938,3.35349,0.155262,0.04629863217126039
gwembe,2024,18.565392,15.755392,26.965044,0.7630475830206583,25.877575,17.366008,0.6710832834993232,3.7516,0.764855,0.24999,0.32684626497832925
ikeleng'i,2022,25.739911,23.739911,7.542965,0.29304549654425766,11.938162,4.492965,0.37635316056190227,NA,NA,NA,NA
ikeleng'i,2023,28.198221,28.08254,32.227173,1.1428796518759108,15.269337,13.605565,0.8910383600807291,2.529,0.311168,0.180056,0.5786456190867956
ikeleng'i,2024,11.058382,8.358382,23.105115,0.9378386354879052,12.663446,9.640677,0.7612996494003291,3.89255,1.023886,0.182694,0.17843197387209123
isoka,2022,25.739911,23.739911,3.979308,0.15459680493844755,11.938162,0,0,NA,NA,NA,NA
isoka,2023,27.311339,26.322678,28.688456,1.050422903102627,14.78909,3.504593,0.23697151075556372,1.89366,0.120852,0,0
isoka,2024,9.2,6.5,30.135246,0.9294968728630768,21.007044,14.987772,0.7134641123234664,6.004984,1.527352,0,0
itezhitezhi,2022,25.739911,23.739911,6.458376,0.25090902606462,11.938162,3.027116,0.2535663362584626,NA,NA,NA,NA
itezhitezhi,2023,27.26147,26.22294,26.1911,0.9607368934984064,15.32445,13.946783,0.9101000688442326,5.301254,6.421415,0.366646,0.05709738429925491
itezhitezhi,2024,9.25,6.4,27.766908,0.9627768174557386,18.432701,17.947063,0.9736534542604472,2.349618,8.496203,1.009906,0.11886556853690997
kabompo,2022,25.739911,23.739911,3.514525,0.13653990489710707,11.938162,0,0,NA,NA,NA,NA
kabompo,2023,28.198221,28.08254,24.504837,0.8690206733254555,15.269337,9.913547,0.6492454125545857,5.873196,1.280554,0,0
kabompo,2024,23.435,20.435,43.395195,0.9184834616149506,32.084545,31.304959,0.9757021332233324,4.71032,0.366893,0.025206,0.06870122896866389
kabushi,2022,25.739911,23.739911,6.270441,0.24360771876794757,11.938162,1.094093,0.09164668732087904,NA,NA,NA,NA
kabushi,2023,28.198221,28.08254,21.756173,0.7715441693999064,15.198297,1.251962,0.08237515032111821,1.658,0.537349,0.122425,0.227831446601743
kabushi,2024,12.7,10,39.70875,0.9827405673549046,22.449657,19.286486,0.8590993617408053,9.3098,2.950295,0.314204,0.10649918059041552
kabwata,2022,25.739911,23.739911,7.185122,0.27914323402283714,11.938162,0.61044,0.05113349944488942,NA,NA,NA,NA
kabwata,2023,28.198221,28.096442,18.991643,0.6735050058654409,15.32445,0.445337,0.02906055355983412,5.05848,2.222935,0.563332,0.25341811613924836
kabwata,2024,24.683047,21.983047,40.045387,0.7306525592087871,31.115556,22.329633,0.7176356739374993,3.825973,2.851744,0.542203,0.19013032025315035
kabwe central,2022,25.7,23.739911,6.0264,0.2344902723735409,11.938162,3.720412,0.31164026757217733,NA,NA,NA,NA
kabwe central,2023,28.198218,28.082534,30.543271,1.0831631630055487,15.216294,0.869419,0.05713736866545822,6.12765,0.61277,0.206617,0.3371852407918142
kabwe central,2024,24.191187,21.491187,27.327603,0.6825377395554199,24.34447,12.952143,0.5320363515821047,3.470434,0.550586,0.04452,0.08085930263392095
kafue,2022,25.739911,23.739911,5.319175,0.20665086992725032,11.938162,1.834781,0.15369040895910108,NA,NA,NA,NA
kafue,2023,28.198221,28.08254,27.119684,0.9617515941874488,15.216296,2.923917,0.192156948050958,1.36,0.213403,0,0
kafue,2024,12.92,10,34.603752,0.9974713384195972,24.770588,17.682766,0.7138613746270375,3.492463,0.875894,0.487592,0.5566792328752109
kafulafuta,2022,25.739911,23.739911,4.460818,0.1733035518265778,11.938162,0.0209,0.00175068825502619,NA,NA,NA,NA
kafulafuta,2023,28.198221,28.08254,19.120538,0.6780760389103979,15.216297,10.073288,0.662006531549693,3.227785,0.078435,0.0781,0.9957289475361764
kafulafuta,2024,21.875495,19.010495,37.761766,0.8865323996004405,25.971254,22.589169,0.8697758298463371,9.037517,4.300217,0.308784,0.07180660882927536
kalabo central,2022,25.739911,23.739911,7.592364,0.29496465624919993,11.938162,1.662889,0.13929187759388756,NA,NA,NA,NA
kalabo central,2023,27.26147,26.209038,24.640029,0.9038408053564244,14.762086,4.55825,0.3087808863869239,6.04,6.493,0.063824,0.00982966271369166
kalabo central,2024,10.096215,7.286215,29.122553,0.9836226327533496,19.092222,17.957663,0.9405748058031173,2.15891,6.348967,0.75708,0.11924459522312844
kalomo central,2022,25.739911,23.739911,5.82032,0.2261204399657792,11.938162,1.978737,0.165748881611759,NA,NA,NA,NA
kalomo central,2023,27.26147,26.22294,25.996161,0.9535861785883152,14.619613,1.711343,0.1170580233553378,5.698,5.9829,0,0
kalomo central,2024,14.90625,13,24.015969,0.6948880323465936,23.551292,13.550863,0.5753766290189091,NA,NA,NA,NA
kalulushi,2022,25.739911,23.739911,4.681486,0.18187654184196675,11.938162,0,0,NA,NA,NA,NA
kalulushi,2023,28.198218,28.082534,26.013726,0.922530849289838,15.216297,6.170274,0.40550430896557815,3.838652,1.283234,0.499599,0.38932805708078183
kalulushi,2024,20.11256,17.41256,37.141884,0.8872862274816256,21.334335,18.54473,0.869243405055747,5.034154,4.299897,1.102457,0.25639149030779107
kamfinsa,2022,25.739911,23.739911,8.854024,0.34398036574407737,11.938162,3.851706,0.32263810794324954,NA,NA,NA,NA
kamfinsa,2023,28.198218,28.082534,23.484301,0.8328292589269294,15.216297,5.043777,0.33147203948503373,6.151359,0.652437,0.136293,0.2088983304135112
kamfinsa,2024,18.191165,15.23499,38.481637,0.9387622497407292,27.125164,21.617431,0.7969511631339814,3.78902,5.468961,0.870702,0.15920793730289903
kanchibiya,2022,25.739911,23.739911,9.020111,0.3504328744571028,11.938162,3.652334,0.3059377147001356,NA,NA,NA,NA
kanchibiya,2023,27.26147,26.22294,30.81518,1.1303565068207988,14.337847,3.7926,0.2645167018451236,6.162713,0.618646,0,0
kanchibiya,2024,21.693739,18.693739,31.346014,0.964225722107724,20.687813,19.814698,0.9577956838646984,3.977499,0.541802,0.221159,0.408191553371896
kankoyo,2022,26.53844,23.739911,6.587868,0.24823870581692067,11.938162,0.068099,0.00570431193679563,NA,NA,NA,NA
kankoyo,2023,28.198221,28.08254,29.431467,1.0437348866795533,15.216297,5.401267,0.3549659289641889,0,0,0,NA
kankoyo,2024,24.640082,21.940082,35.841182,0.8506819293845731,22.62768,20.945956,0.9256784610706886,6.530625,3.664903,0.828197,0.2259806057622807
kantanshi,2022,26.298325,23.739911,5.341916,0.2031276136407927,11.938162,0.864998,0.07245654733115534,NA,NA,NA,NA
kantanshi,2023,28.198221,28.08254,26.179307,0.9284027882468188,15.216297,7.119405,0.4678802602236274,0,0,0,NA
kantanshi,2024,25.734306,23.034306,38.898532,0.84156179253542,22.763919,20.176453,0.8863347739025077,8.166838,3.664898,0.718101,0.19594024172023344
kanyama,2022,25.739911,23.739911,6.931926,0.26930652557423373,11.938162,2.627609,0.22010163708617791,NA,NA,NA,NA
kanyama,2023,28.198221,28.096442,23.279769,0.8255758049417373,15.325,5.299963,0.3458377161500816,5.7319,1.791462,0.27428399999999997,0.15310623390281233
kanyama,2024,7.7,5,29.77917,0.8271364421531368,18.115384,15.02606,0.8294640621473991,6.247275,2.124499,0.304519,0.14333685259442344
kaoma central,2022,25.739911,23.739911,6.809881,0.26456505618842274,11.938162,0.533351,0.04467614026346769,NA,NA,NA,NA
kaoma central,2023,27.26147,26.209038,21.714449,0.7965252424025557,14.762086,4.16176,0.2819222161420818,2.35,2.52625,0,0
kaoma central,2024,13.686451,10.876451,38.17827,0.9907478692181578,22.095869,23.350674,1.0567891219847474,3.5,3.565254,2.887413,0.8098758181044043
kapiri mposhi,2022,25.7,23.739911,4.829668,0.18792482490272375,12.855162,0,0,NA,NA,NA,NA
kapiri mposhi,2023,27.26147,26.209038,19.757335,0.7247347630190155,14.279547,0,0,2.754588,0.276506,0,0
kapiri mposhi,2024,12.775,10,33.253585,0.8404641662440367,18.948104,16.942426,0.8941488815978633,6.246465,2.071911,0.510131,0.2462127958198977
kapoche,2022,25.739911,23.739911,3.534952,0.1373334973846646,11.938162,1.45831,0.12215532005680606,NA,NA,NA,NA
kapoche,2023,28.198221,28.08254,24.517636,0.8694745672076263,14.925068,8.822508,0.5911201208597509,6.000371,0,0,NA
kapoche,2024,13.560726,11.453232,31.309404,0.815793755075032,21.54374,14.768226,0.6854996393383879,8.891706,0.849027,0.20305,0.239156116354368
kaputa,2022,25.739911,23.739911,5.68738,0.22095569794316697,11.938162,0.550548,0.04611664676689762,NA,NA,NA,NA
kaputa,2023,28.198221,28.096442,20.185624,0.7158474288147468,28.796683,8.629769,0.299679272088386,0.656625,0.131325,0,0
kaputa,2024,12.775,10,38.821416,0.9519085953916652,25.741769,25.855333,1.0044116626172817,3.342165,2.615107,1.520311,0.5813570916983511
kasama central,2022,25.734783,23.739911,4.730663,0.18382369884370112,12.855162,1.00654,0.07829850763452068,NA,NA,NA,NA
kasama central,2023,28.198221,28.086457,26.51673,0.9403688977400384,57.356344,25.762868,0.4491720741475433,1.701329,0.340266,0,0
kasama central,2024,11.405001,10.000001,32.860367,0.9828331827096988,19.672342,18.869496,0.9591890990915064,3.969879,0.709341,0.14685,0.2070231383777337
kasempa,2022,25.7,23.739911,7.476138,0.2909003112840467,11.938162,3.985354,0.33383313109672996,NA,NA,NA,NA
kasempa,2023,25.279671,22.24544,30.868752,1.221089942191099,13.688942,7.341567,0.536313690276429,2.245,NA,0.08716522,NA
kasempa,2024,26.098211,23.098211,28.469443,0.8782317834444733,17.981176,15.122107,0.8409965510598417,3.1824,3.455145,0.528292,0.1529000953650281
kasenengwa,2022,25.739911,23.739911,8.265465,0.3211147466671505,11.938162,1.767545,0.14805838620719003,NA,NA,NA,NA
kasenengwa,2023,27.26147,26.22294,31.403088,1.1519220350186543,14.762086,20.366216,1.3796299520271051,4.65926,0,0,NA
kasenengwa,2024,25.499735,23.434134,35.498759,0.8884615197868299,23.977931,21.045095,0.8776860272056,NA,NA,NA,NA
katombola,2022,25.739911,23.739911,7.544168,0.29309223330259376,11.938162,0.087263,0.00730958417216988,NA,NA,NA,NA
katombola,2023,27.26147,26.209038,20.891942,0.7663541988014586,14.279546,9.997331,0.7001154658558473,5.913885,2.464688,1.085082,0.4402512610115357
katombola,2024,10.7,8,32.474652,0.9009349599551968,26.356197,21.184706,0.8037846279567572,7.520885,1.802878,0,0
katuba,2022,25.739911,23.739911,13.238228,0.5143074504026063,11.938162,3.025956,0.2534691688720592,NA,NA,NA,NA
katuba,2023,27.26147,26.209038,22.337721,0.8193879860477076,14.279546,5.76,0.4033741688986471,5.45672,0.516869,0.358473,0.6935471076810565
katuba,2024,15.328485,12.498485,33.205893,0.933648728759184,22.081537,20.31909,0.9201845867885012,3.846092,0.522853,0,0
kaumbwe,2022,25.739911,23.739911,2.808508,0.10911102217874802,11.938162,0.23545,0.01972246649023526,NA,NA,NA,NA
kaumbwe,2023,27.26147,26.209038,23.379183,0.8575906948524786,14.762086,6.749976,0.4572508248495504,4.9165,1.386595,0.210042,0.1514804250700457
kaumbwe,2024,2.725,0,34.63728,0.9258470582093732,24.22236,23.109288,0.9540477476183165,4.087245,4.750392,0.381145,0.08023443117957424
kawambwa,2022,25.739911,23.739911,2.542458,0.09877493360408278,12.855162,1.314505,0.10225503186968785,NA,NA,NA,NA
kawambwa,2023,28.198221,28.08254,26.567109,0.942155499809722,15.331978,1.541817,0.1005621714301964,NA,NA,NA,NA
kawambwa,2024,22.909431,20.171931,38.86624,0.8297869337824252,25.910439,18.305227,0.706480774023165,6.027429,4.69192,0.655829,0.13977838496820066
keembe,2022,25.739911,23.739911,4.666208,0.1812829888961155,11.938162,1.341516,0.11237207201577595,NA,NA,NA,NA
keembe,2023,27.26147,26.209038,24.313246,0.8918538141927049,14.289546,0,0,4.77475,0.527113,0.138084,0.26196280493935836
keembe,2024,9.590007,6.760007,31.121818,0.9865950425290508,16.266795,15.542413,0.955468670995116,6.823629,1.071702,0.069887,0.06521122476210738
kwacha,2022,25.739911,23.739911,5.76914,0.22413208810240257,11.938162,1.439186,0.12055339842096296,NA,NA,NA,NA
kwacha,2023,28.198218,28.082534,22.58343,0.8008814599560866,15.216297,4.432251,0.29128315515923486,6.072296,0.773192,0.275245,0.35598531800639427
kwacha,2024,9.077583,6.121408,22.574247,0.6582867491832453,21.834899,14.474384,0.6629013488910573,3.492463,3.954538,0.489214,0.12370952055587783
liuwa,2022,25.739911,23.739911,9.167474,0.3561579525274971,11.938162,2.270586,0.19019560967592833,NA,NA,NA,NA
liuwa,2023,27.26147,26.209038,18.479103,0.6778469026064992,15.269337,5.545261,0.3631631812173639,3.766941,4.049462,0.010386,0.0025647851492371
liuwa,2024,14.189875,11.379875,38.643652,0.9331874826372052,27.534029,26.765977,0.9721053537061358,5.381189,6.348866,0.927172,0.14603741833580988
livingstone,2022,25.739911,23.739911,12.617356,0.4901864656796987,11.938162,7.170926,0.6006725323378925,NA,NA,NA,NA
livingstone,2023,28.198221,28.08254,25.063425,0.8888300081058305,15.22208,4.150469,0.2726610949357775,4.725407,4.961677,0.235035,0.04737007265890142
livingstone,2024,20.7,18,36.937882,0.9087542879535104,20.847382,21.158398,1.0149187077782715,7.757855,2.653204,0,0
luampa,2022,25.739911,23.739911,4.597995,0.17863290203295576,11.938162,0,0,NA,NA,NA,NA
luampa,2023,27.473155,26.632408,31.498327,1.146512914152015,14.473231,5.086817,0.3514638161997138,5.648452,6.072086,0.026116,0.00430099310187635
luampa,2024,22.143111,19.333111,28.000121,0.7600100972333717,24.570414,14.67703,0.5973456531908661,3.746491,2.894085,0.371036,0.1282049421492458
luangeni,2022,25.739911,23.739911,5.45343,0.21186669992759496,11.938162,0,0,NA,NA,NA,NA
luangeni,2023,27.26147,26.209038,21.46766,0.7874725757635227,14.756728,15.922519,1.07900064296096,5.940785,0.55336,0.154736,0.27962989735434435
luangeni,2024,16.1,16,35.946798,0.9452281801327314,24.727472,22.913005,0.9266214111980392,3.182029,0.48592,0,0
luanshya,2022,25.739911,23.739911,6.697148,0.2601853596152683,11.938162,0.950458,0.07961510322945861,NA,NA,NA,NA
luanshya,2023,28.198218,28.082534,47.926502,1.699628749589779,15.216297,0,0,3.227785,2.472723,0.500578,0.20243998215732212
luanshya,2024,24.846249,22.146249,40.507556,0.8711283818987138,29.909164,24.604805,0.8226510443421288,3.453747,5.656549,0.715745,0.12653386366846642
luapula,2022,25.739911,23.739911,3.327874,0.12928848122279832,12.855162,0,0,NA,NA,NA,NA
luapula,2023,27.26147,26.209038,16.676833,0.6117363810535529,14.279546,3.153653,0.22085106907460503,0,0,0,NA
luapula,2024,0,0,20.878318,0.6312867834302655,19.886983,8.785333,0.4417629863715376,6.2,0.91,0,0
lubansenshi,2022,25.739911,23.739911,3.894966,0.15132010363205994,11.938162,1.335947,0.11190558479605152,NA,NA,NA,NA
lubansenshi,2023,21.4,14.5,23.558659,1.1008719158878504,25.084197,9.332352,0.3720410902529589,2.865,0.579688,0,0
lubansenshi,2024,9.573221,6.798221,26.896742,0.9938823381604668,18.802121,15.529028,0.8259189481867498,3.788463,1.280733,0.104321,0.08145413602991412
luena,2022,25.739911,23.739911,8.975621,0.3487044302523035,11.938162,4.325609,0.3623345871835213,NA,NA,NA,NA
luena,2023,27.473155,26.632408,21.671913,0.788839614525525,14.876713,1.904528,0.12802075297143933,2.1028,2.26051,0,0
luena,2024,7.774719,4.924719,25.747052,0.8659176904639238,15.958015,12.688911,0.7951434435924518,3.492463,7.286903,1.006881,0.13817680844660618
lufubu,2022,25.739911,23.739911,5.346682,0.20771952164092564,11.938162,3.720412,0.31164026757217733,NA,NA,NA,NA
lufubu,2023,27.26147,26.209038,24.842705,0.911275327412645,14.279546,4.889806,0.34243427627180867,NA,NA,NA,NA
lufubu,2024,18.113067,15.263067,30.182197,0.7522110541605121,21.453478,15.447806,0.7200606820022376,6.89074,1.971035,0.304574,0.1545249069651224
lufwanyama,2022,25.739911,23.739911,8.284908,0.32187011058429843,11.938162,3.348469,0.2804844665368086,NA,NA,NA,NA
lufwanyama,2023,27.26147,26.22294,36.946901,1.355279117377016,14.279546,9.785429,0.6852759184360623,4.070892,0.398952,0.029787,0.07466311736750286
lufwanyama,2024,30.63565,27.568453,36.083342,0.9994155290135476,25.164879,24.270156,0.964445567173202,7.655784,4.055952,0.860696,0.2122056671282106
lukashya,2022,25.734783,23.739911,4.867679,0.1891478548701965,12.855162,1.140018,0.088681729565135,NA,NA,NA,NA
lukashya,2023,28.198221,28.086457,23.409059,0.8301608459625875,NA,0,NA,1.51864,0.303728,NA,NA
lukashya,2024,11.405,10,33.602457,0.9294546541445088,22.359926,17.880742,0.7996780490239548,4.668994,0.22392,0.015444,0.06897106109324759
lukulu east,2022,25.739911,23.739911,4.547533,0.17667244459392265,11.938162,1.791915,0.15009973897154352,NA,NA,NA,NA
lukulu east,2023,28.19822,28.082538,26.758924,0.9489579129462782,15.269337,4.016868,0.26306761059763106,6.032,6.4844,0.087248,0.01345506137807661
lukulu east,2024,21.444701,19.694701,39.823991,0.9146234085953306,31.384307,27.690673,0.8823095249482488,4.020975,0.880462,0.011183,0.01270128637011023
lumezi,2022,25.739911,23.739911,7.380684,0.2867408515903571,11.938162,0,0,NA,NA,NA,NA
lumezi,2023,27.261469,26.209036,36.171422,1.3268331944987997,14.261545,23.944584,1.6789614308968628,6.151771,0.732497,0.271934,0.37124247607840033
lumezi,2024,27.542136,24.692136,35.944405,0.9940259558314422,24.705958,24.670488,0.9985643139197437,3.4875,0.15939,0,0
lundazi,2022,25.739911,23.739911,6.599182,0.25637936354946994,11.938162,1.64155,0.137504416509007,NA,NA,NA,NA
lundazi,2023,27.26147,26.209038,31.229427,1.1455518356126797,14.244118,2.603167,0.1827538216125421,5.871267,0.586436,0.251017,0.4280381831947561
lundazi,2024,25.097277,21.172277,34.58053,0.8593451909886538,25.085165,20.26053,0.8076697920862789,NA,NA,NA,NA
lunte,2022,25.739911,23.739911,4.333778,0.16836802582573032,12.855162,1.400943,0.10897902336820026,NA,NA,NA,NA
lunte,2023,21.4,14.5,21.680656,1.01311476635514,11.5881,0,0,0.567355,0.113471,0,0
lunte,2024,17.828221,14.798221,28.983922,0.8064220683791218,16.971519,14.302691,0.8427466628060811,3.607587,1.441992,0.087104,0.06040532818489978
lupososhi,2022,25.739911,23.739911,6.852127,0.26620632060460503,11.938162,0.677841,0.05677934341986648,NA,NA,NA,NA
lupososhi,2023,21.4,14.5,22.521571,1.0524098598130842,24.764786,9.3408,0.3771807275055799,1.207672,0.171048,0,0
lupososhi,2024,17.57322,14.79822,25.689868,0.72428260552942,21.206281,15.315942,0.7222361148567257,3.5995,1.402973,0.57384,0.409017137179404
lusaka central,2022,25.739911,23.739911,6.276334,0.2438366628385001,11.938162,2.884177,0.24159305259888417,NA,NA,NA,NA
lusaka central,2023,28.198221,28.096442,12.664171,0.4491124103183672,15.269337,0,0,5.77385,1.620908,0.409554,0.25266949142085793
lusaka central,2024,7.7,5,30.628712,0.7065549999841981,26.872312,19.060027,0.7092812482975042,3.8954,3.577538,0.627555,0.17541532752412414
mafinga,2022,25.739911,23.739911,7.400376,0.287505889200627,11.938162,2.645977,0.2216402323908823,NA,NA,NA,NA
mafinga,2023,27.26147,26.22294,22.881492,0.8393344892993665,28.149755,11.168294,0.39674569103709784,5.93246,1.088661,NA,NA
mafinga,2024,12.927646,10.007646,30.511177,0.9308638882982018,20.485227,20.357306,0.9937554511844072,4.346663,5.486258,0,0
magoye,2022,25.739911,23.739911,23.668436,0.9195228375109766,11.938162,10.960533,0.9181089182740192,NA,NA,NA,NA
magoye,2023,27.26147,26.22294,25.094481,0.9205109262266488,14.452595,1.374005,0.09506977812635033,3.323891,3.490086,0.885753,0.2537911673236705
magoye,2024,13.725,12.5,28.279672,0.8050880790238986,20.614432,13.535837,0.6566194499077151,4.133414,1.171321,0.333721,0.28490994355945126
malambo,2022,25.739911,23.739911,12.464136,0.4842338421449864,11.938162,1.295057,0.1084804344253328,NA,NA,NA,NA
malambo,2023,27.26147,26.209038,27.296292,1.0012773339075258,14.244117,14.945617,1.0492484019893968,5.93246,1.326303,0.398505,0.30046301636956263
malambo,2024,13.155057,10.805057,22.868644,0.7571938592472941,17.911166,11.44476,0.6389734760986526,2.893164,1.130017,0,0
malole,2022,25.7,23.739911,5.675759,0.22084665369649809,11.938162,1.58851,0.1330615215307013,NA,NA,NA,NA
malole,2023,21.4,14.486098,18.751997,0.8762615420560748,9.962344,0.785439,0.07884078285190714,0,0,0,NA
malole,2024,9.828221,6.798221,31.00844,0.9781921884411552,19.966849,18.410187,0.9220376735457858,3.492463,0.493375,0.198589,0.4025112743856093
mambilima,2022,25.739911,23.739911,2.290039,0.0889684117400406,11.938162,1.289436,0.10800959142621788,NA,NA,NA,NA
mambilima,2023,27.26147,26.208989,21.819896,0.8003932289784813,14.082284,2.153972,0.15295615398752077,0.05,NA,0,NA
mambilima,2024,15.178282,12.190782,32.664758,0.7813217814058103,24.094944,20.640733,0.8566416672311005,4.566003,1.351225,0.424058,0.3138322633166201
mandevu,2022,25.739911,23.739911,6.167762,0.2396186218359496,11.938162,2.222658,0.18618092131770367,NA,NA,NA,NA
mandevu,2023,28.198221,28.096442,16.941326,0.6007941422971329,15.32445,4.161277,0.27154494941090873,0.649476,0.649476,0.374275,0.5762722564036239
mandevu,2024,7.7,5,22.311106,0.5878553110805865,23.133159,8.16503,0.3529578472183587,2.814,1.905284,0.966002,0.507012077989423
mangango,2022,25.739911,23.739911,5.982494,0.2324209279511495,11.938162,3.026993,0.25355603316490427,NA,NA,NA,NA
mangango,2023,27.26147,26.209038,17.869631,0.6554903679075267,14.762086,7.330482,0.4965749420508728,3.189851,3.42909,0,0
mangango,2024,12.81,10,31.367712,0.777703293750464,21.086377,19.474597,0.9235629714862824,5.069533,2.7506,0.962471,0.34991310986693813
mansa central,2022,25.739911,23.739911,4.555868,0.1769962607873819,11.938162,0,0,NA,NA,NA,NA
mansa central,2023,27.261469,26.209036,21.873021,0.8023419794435875,14.279546,9.376771,0.6566575015760305,NA,NA,NA,NA
mansa central,2024,23.227559,20.527559,42.785809,1.1474379617488937,22.818764,24.322423,1.0658957251146468,6.98486,1.072458,0.297114,0.2770402197568576
manyinga,2022,25.739911,23.739911,3.690912,0.14339257039389142,11.938162,0.563063,0.04716496559520636,NA,NA,NA,NA
manyinga,2023,27.473156,26.63241,20.786215,0.7566009161815992,14.876714,9.900419,0.6654977033234625,2.53105,3.079,0,0
manyinga,2024,23.998291,21.473291,41.706448,0.8276986355165626,28.464451,21.394519,0.7516224008676647,7.19146,4.558011,0.191855,0.04209182470160778
mapatizya,2022,25.739911,23.739911,16.815266,0.6532759961757444,11.938162,6.775781,0.5675732160444799,NA,NA,NA,NA
mapatizya,2023,27.26147,26.22294,24.159105,0.88619964367292,15.32445,11.365863,0.741681626420524,5.527349,6.551247,0.35133,0.05362795815819492
mapatizya,2024,25.438135,22.518135,36.452021,0.7877794284569746,30.143812,26.156127,0.8677113233057584,2.202,2.104619,0,0
masaiti,2022,25.739911,23.739911,3.534262,0.1373066907651701,11.938162,1.047665,0.08775764644507253,NA,NA,NA,NA
masaiti,2023,27.26147,26.209038,23.385022,0.8578048799276048,14.279546,11.655038,0.8162050810298871,3.227785,0.069555,0.06949,0.9990654877435124
masaiti,2024,25.179161,22.314161,34.753479,0.9462033125017918,26.783977,19.952018,0.744923653421596,5.21068,1.238804,0.261795,0.21132883006512737
matero,2022,25.739911,23.739911,5.912271,0.22969275223989705,11.938162,2.05425,0.17207422717165338,NA,NA,NA,NA
matero,2023,28.198221,28.096442,14.785504,0.5243417306361278,11.566703,2.659048,0.22988815395363743,2.746,1.427128,0.227833,0.15964440470651547
matero,2024,9.498221,6.798221,37.325186,0.9887511540449933,22.402759,15.36698,0.6859414056991819,6.381814,1.920657,0.120375,0.06267386628638012
mazabuka central,2022,25.739911,23.739911,19.971179,0.7758837627682551,11.938162,12.054466,1.0097422031967735,NA,NA,NA,NA
mazabuka central,2023,27.26147,26.22294,26.838132,0.9844711968943716,14.279546,1.658801,0.11616622825403553,3.292923,3.457569,0.088756,0.02567005893447101
mazabuka central,2024,7.05903,5.83403,23.09323,0.8924120688400579,10.143415,10.374589,1.0227905493366878,3.521193,0.862337,0.212472,0.24639091213759817
mbabala,2022,25.739911,23.739911,7.390012,0.2871032460057846,119.38162,11.918061,0.09983162399706086,NA,NA,NA,NA
mbabala,2023,27.26147,26.22294,21.322003,0.7821296137002149,14.229546,7.56816,0.5318623658126549,5.628916,5.910362,0.101215,0.01712500858661449
mbabala,2024,18.693567,15.968567,33.852086,0.7814573829217554,27.729262,21.558674,0.7774701685172869,NA,NA,NA,NA
mbala,2022,25.739911,23.739911,4.280089,0.16628219887784382,11.938162,1.584174,0.13269831654152456,NA,NA,NA,NA
mbala,2023,28.198221,28.096442,25.973999,0.9211219033995088,15.269337,0.800124,0.05240070344901026,4.907333,3.834255,2.62003,0.683321792629859
mbala,2024,14.92,13,39.55011,1.045540912589454,22.033781,21.716943,0.9856203526757392,4.685385,3.16435,0.24845,0.07851533490290265
mfuwe,2022,25.739911,23.739911,5.429866,0.21095123444677025,11.938162,0,0,NA,NA,NA,NA
mfuwe,2023,27.26147,26.22294,30.687923,1.1256884900190636,14.28592,1.554232,0.10879467335670366,5.096106,2.9532,0,0
mfuwe,2024,11.16115,8.24115,24.631467,0.8933890536000781,14.692892,12.268935,0.8350251944954064,5.036585,3.98855,0.749593,0.18793621742237152
milanzi,2022,25.73991,23.73991,3.700246,0.14375520349527252,11.938162,1.554609,0.13022180466306288,NA,NA,NA,NA
milanzi,2023,27.26147,26.209038,27.18848,0.9973225948564036,15.938021,15.152492,0.950713517067144,5.232106,0.478515,0,0
milanzi,2024,6.35,5,17.585002,0.54448935805966,20.328126,2.773403,0.13643180881503786,3.45212,0.22729,0.088188,0.3879977121738748
milenge,2022,25.739911,23.739911,11.272576,0.4379415297900603,11.938162,5.325377,0.4460801419850058,NA,NA,NA,NA
milenge,2023,27.26147,26.209038,26.976633,0.9895516639418196,14.279546,9.756883,0.6832768352719337,3.123427,0.660288,0.211613,0.3204859091790249
milenge,2024,23.825,21,27.194241,0.7374199279122412,23.043347,16.436484,0.7132854441674641,3.832473,3.052776,0.951722,0.31175625070427704
mitete,2022,25.739911,23.739911,6.665098,0.2589402115648341,11.938162,2.155009,0.1805143036256335,NA,NA,NA,NA
mitete,2023,28.198221,28.08254,29.955665,1.0623246409764644,15.269337,4.517363,0.2958453926323062,6.526437,7.01592,0.126059,0.01796756519458602
mitete,2024,17.752668,16.027668,33.956005,0.9971622755676748,22.076728,23.777519,1.0770399943324935,3.2,0.83397,0.077253,0.09263282851901147
mkaika,2022,25.73991,23.73991,3.453726,0.13417785843074043,11.938162,1.360079,0.11392700149319468,NA,NA,NA,NA
mkaika,2023,27.26147,26.209038,22.815754,0.8369231006251681,15.863039,11.847767,0.7468787664204822,5.126101,0,0,NA
mkaika,2024,6.35,5,23.748266,0.8792759953418295,15.653446,7.544227,0.48195311115520506,4.22913,1.087776,0.161128,0.14812608478216102
mkushi north,2022,25.739911,23.739911,2.766534,0.10748032500967078,11.938162,3.658405,0.30644625194397596,NA,NA,NA,NA
mkushi north,2023,27.26147,26.209038,15.618901,0.5729295228760591,14.279546,0,0,5.727461,0.572846,0.004196,0.0073248307573065
mkushi north,2024,12.0356,9.0056,43.461251,0.992584991468948,27.738557,27.695805,0.9984587518377398,4.598107,1.003922,0.208795,0.20797930516514232
mkushi south,2022,25.739911,23.739911,5.217038,0.2026828297891162,11.938162,3.658405,0.30644625194397596,NA,NA,NA,NA
mkushi south,2023,27.26147,26.209038,22.523297,0.8261952491923583,14.279546,1.17862,0.08253903870613254,5.096735,0.627355,0.042998,0.06853854675582406
mkushi south,2024,15.324464,12.474464,39.122733,0.9966523786624192,25.341656,24.982536,0.985828866116721,3.477807,0.595327,0,0
mongu central,2022,25.739911,23.739911,12.262504,0.476400404026261,11.938162,1.417716,0.11875496412261786,NA,NA,NA,NA
mongu central,2023,27.26147,26.209038,27.064069,0.992758974479366,15.057112,3.438353,0.2283540827749704,6.162134,6.624294,0,0
mongu central,2024,11.554609,8.854609,23.27209,0.7812599715421314,19.955744,13.881955,0.6956370556768017,3.476765,5.127514,0.171031,0.03335554032616976
monze central,2022,25.739911,23.739911,7.854912,0.3051646915173871,11.938162,3.261383,0.27318970876756404,NA,NA,NA,NA
monze central,2023,27.26147,26.22294,32.137271,1.178853194636973,15.32445,15.904115,1.0378261536303095,2.9298,3.07629,0.169624,0.05513914487905887
monze central,2024,17.733333,15.5,26.743479,0.9213306321256032,13.953185,11.842047,0.8486984871196075,5.429063,1.125989,0.361729,0.3212544705143656
moomba,2022,25.739911,23.739911,10.76508,0.4182252223016622,11.938162,5.761141,0.4825819083373136,NA,NA,NA,NA
moomba,2023,27.26147,26.22294,23.736108,0.8706833490637153,15.32445,9.985058,0.6515769244573215,4.435254,4.657017,0,0
moomba,2024,14.233333,12,31.628043,0.975188473847838,22.067278,21.624977,0.979956703314292,2.25837,2.624885,0.216088,0.08232284461985953
mpika,2022,25.466778,23.739911,4.829801,0.18965104262502308,11.938162,1.355525,0.11354553573657318,NA,NA,NA,NA
mpika,2023,27.26147,26.22294,36.355741,1.3335942999405388,14.279546,10.568375,0.7401058128878887,5.402612,0.700589,0,0
mpika,2024,18.964398,15.934398,27.577129,1.6648434190001955,8.967784,16.43204,1.832341189306076,3.478,9.324643,0.16983,0.01821302971062806
mpongwe,2022,25.739911,23.739911,6.584553,0.2558110243660128,11.938162,0.704669,0.05902659052540918,NA,NA,NA,NA
mpongwe,2023,27.26147,26.209038,27.310629,1.001803240984437,14.279545,0,0,6.107585,0.808346,0.166675,0.20619264522865208
mpongwe,2024,25.475159,22.775159,42.332557,0.9556585418172656,30.894074,28.490508,0.9221997720339504,2.642463,2.642463,0,0
mporokoso,2022,25.739911,23.739911,6.127454,0.23805264905539103,11.938162,1.484844,0.12437794025579482,NA,NA,NA,NA
mporokoso,2023,28.198221,28.096442,25.442086,0.9022585502823032,15.269337,3.084607,0.20201315879006404,1.024362,0.204872,0,0
mporokoso,2024,10.337789,7.527789,27.688917,0.8771473090782849,18.671589,14.251475,0.7632706032678847,3.612761,0.343787,0,0
mpulungu,2022,25.7,23.739911,3.595656,0.13990879377431906,12.855162,0,0,NA,NA,NA,NA
mpulungu,2023,28.198221,28.096442,27.361017,0.9703100418994516,28.951262,11.818868,0.4082332576728434,3.218793,0.700084,0,0
mpulungu,2024,12.775,10,32.67209,0.9889493867377446,17.582253,15.924797,0.9057313075861212,6.419489,0.962859,0.208715,0.216765902380307
msanzala,2022,25.739911,23.739911,5.193049,0.2017508529846898,11.938162,2.148563,0.17997435451118857,NA,NA,NA,NA
msanzala,2023,27.26147,26.209038,17.535335,0.6432277863226011,14.279546,8.654316,0.6060638062302541,NA,0.285286,0.062563,0.2192992295450881
msanzala,2024,15.153899,12.303899,39.554284,0.9078691982739822,29.325165,25.811427,0.8801801115185541,NA,NA,NA,NA
muchinga,2022,25.739911,23.739911,2.629859,0.10217047759022944,11.938162,0.957487,0.08020388733207004,NA,NA,NA,NA
muchinga,2023,27.26147,26.209038,17.513199,0.6424157978274833,14.279546,1.251176,0.08762015262950236,3.232785,0.574188,0.155556,0.27091475265940773
muchinga,2024,10.860613,8.085613,30.558725,0.7519239019293829,23.251869,16.354598,0.7033670282591047,6.769785,2.324773,0.915608,0.39384834562342214
mufulira,2022,27.10012,23.739911,7.567588,0.2792455531562222,11.938162,0.571402,0.04786348183246299,NA,NA,NA,NA
mufulira,2023,28.198221,28.08254,29.362391,1.0412852285965133,15.216297,6.501057,0.4272430408002683,0,0,0,NA
mufulira,2024,25.010381,22.310381,35.537624,0.8433916769665107,22.826004,18.217592,0.7981069310248083,6.663137,4.126897,0.857626,0.20781376419135247
mufumbwe,2022,25.739911,23.739911,5.778524,0.22449665812752811,11.938162,0.842617,0.07058180312848829,NA,NA,NA,NA
mufumbwe,2023,28.198221,28.063534,31.83725,1.1290517228019457,15.269336,5.08,0.3326929212900941,NA,NA,NA,NA
mufumbwe,2024,22.5,19.8,28.802073,0.8046169902092982,19.423324,15.195055,0.7823097117671517,4.352524,0.44255100000000003,0.141105,0.31884460774012485
mulobezi,2022,25.739911,23.739911,6.005765,0.2333250103312323,11.938162,1.487068,0.1245642335897268,NA,NA,NA,NA
mulobezi,2023,28.198221,28.096442,34.832728,1.235281048403727,15.269337,11.535427,0.7554635148860753,4.784691,5.143543,0,0
mulobezi,2024,20.658266,17.845766,31.656763,0.9848354060078676,20.502916,22.635375,1.1040075957975928,3.329591,3.143449,0.86573,0.27540768118076675
mumbwa,2022,24.971319,23.739911,23.609014,0.9454452125656638,11.938162,11.526668,0.9655312099132178,NA,NA,NA,NA
mumbwa,2023,27.26147,26.209038,32.431332,1.1896398836893245,14.279546,6.751408,0.4728027067527217,3.83797,0.532625,0.067448,0.1266331846984276
mumbwa,2024,28.801287,26.051287,32.174677,0.7667701342095946,25.714667,18.747142,0.729044712109241,3.42026,4.985363,0.446323,0.0895266804042153
munali,2022,25.739911,23.739911,5.905079,0.22941334179438305,11.938162,2.674312,0.2240137133337611,NA,NA,NA,NA
munali,2023,28.198221,28.096442,17.821329,0.6320018911831353,15.32445,4.785875,0.3123032147972684,2.314,0.486673,0.102104,0.20980000945193175
munali,2024,7.7,5,27.922761,0.7817263059914544,22.177013,15.179461,0.6844682374492904,7.6756,1.852328,0.301218,0.1626159081976842
mwandi,2022,25.739911,23.739911,11.01667,0.42799953737213775,11.938162,4.122057,0.345284056289402,NA,NA,NA,NA
mwandi,2023,27.26147,26.22294,23.10256,0.8474436631626981,14.762086,0,0,6.039975,6.492973,0.554387,0.08538261286470773
mwandi,2024,21.060026,19.250026,35.601235,0.8324067673631924,30.142972,24.691519,0.8191467981325796,3.457,3.914855,2.040975,0.5213411480118676
mwansabombwe,2022,25.739911,23.739911,5.905617,0.22943424318755415,11.938162,1.775013,0.14868394313965583,NA,NA,NA,NA
mwansabombwe,2023,27.26147,26.209038,30.846556,1.1315074352190106,14.181629,3.858317,0.2720644433724786,4.42457,1.329597,0.434014,0.32642522508700006
mwansabombwe,2024,25.635641,22.604271,40.881733,0.9919492463798238,25.663393,25.739028,1.0029471940830272,4.38136,1.274405,0.322492,0.25305299335768455
mwembezhi,2022,25.739911,23.739911,6.649797,0.2583457650649996,11.938162,2.293953,0.19215294615703823,NA,NA,NA,NA
mwembezhi,2023,27.26147,26.209038,24.079657,0.8832853474152348,14.279546,2.179124,0.15260457160192628,3.089753,1.283239,0.413127,0.321940807597026
mwembezhi,2024,30.468142,27.743142,43.017324,1.101507658847951,29.23415,28.033136,0.9589174304708704,3.655921,2.969092,0.745214,0.25099053852154124
mwense,2022,25.739911,23.739911,2.635615,0.10239409918705623,11.938162,1.073595,0.08992967259114092,NA,NA,NA,NA
mwense,2023,27.26147,26.208989,27.105683,0.9942854512247504,14.082284,2.153971,0.15295608297631266,0.03,0.029875,1.25e-4,0.00418410041841004
mwense,2024,8.788156,5.800656,28.151105,0.933464190038554,15.596637,16.217841,1.0398293555206806,4.633449,1.34039,0.238418,0.17787211184804422
mwinilunga,2022,25.739911,23.739911,7.217601,0.2804050487975658,11.105224,1.749938,0.15757791108040684,NA,NA,NA,NA
mwinilunga,2023,27.473154,26.646308,18.506995,0.6736392552526004,14.876713,10.342809,0.6952348277472316,1.77,0.051663,0.150916,2.921162146991077
mwinilunga,2024,15.648718,12.648718,37.054457,0.852947782855717,25.705528,23.093733,0.8983955902403561,1.868,0.505917,0,0
nakonde,2022,25.684041,25.684041,6.209661,0.2417711839036544,11.164058,1.339162,0.11995297767173908,NA,NA,NA,NA
nakonde,2023,27.26147,26.22294,23.659028,0.8678559153266496,14.762086,3.894394,0.2638105481840439,5.934134,1.313203,0.410925,0.3129181093859822
nakonde,2024,13.660432,10.760432,33.219243,0.9617166112074732,20.047556,20.06523,1.0008816037226682,3.842463,0.602136,0.068389,0.11357733136700014
nalikwanda,2022,25.739911,23.739911,9.938758,0.38612246949882617,11.938162,1.30471,0.10928901785718773,NA,NA,NA,NA
nalikwanda,2023,28.198221,28.08254,29.492187,1.0458882140117989,15.057112,3.438354,0.22835414918876873,5.631374,6.053727,0,0
nalikwanda,2024,10.870772,8.170772,28.238508,1.026497540565153,18.979527,19.213577,1.0123317087933752,1.98,5.001514,0.108832,0.02175981112919008
nalolo,2022,25.739911,23.739911,5.979286,0.2322962965955865,11.938162,0.722451,0.06051609954698219,NA,NA,NA,NA
nalolo,2023,27.26147,26.209038,29.713206,1.089934108468839,14.261546,6.418397,0.4500491741919144,5.947175,6.393213,0.024222,0.0037887053035774
nalolo,2024,14.541482,9.331482,27.270319,0.9962522430026246,16.177003,16.21721,1.0024854418336944,3.619,4.155262,0.212354,0.05110484007987944
namwala,2022,25.739911,23.739911,6.599524,0.2563926503086976,11.938162,0.7051,0.05906269323535734,NA,NA,NA,NA
namwala,2023,27.26147,26.22294,26.317522,0.965374280990717,15.32445,9.654567,0.6300106692246704,3.73951,3.926486,0.252602,0.06433284112053372
namwala,2024,24.586648,20.586648,32.949431,0.7944493146327746,28.045958,21.109139,0.7526624335670759,3.942863,3.265678,0.998242,0.30567679973347034
nangoma,2022,25.442383,23.739911,17.599729,0.691748449820915,11.938162,8.250941,0.6911399761537831,NA,NA,NA,NA
nangoma,2023,27.26147,26.209038,28.032345,1.0282770885062325,14.279546,1.781617,0.12476706192199669,3.259131,0.782577,0.126375,0.1614857068377936
nangoma,2024,21.919524,19.169524,36.013141,0.920963424267364,27.271771,24.433915,0.8959416313667344,3.529595,5.128792,0.741781,0.1446307434577187
nchanga,2022,25.739911,23.739911,7.098635,0.27578319909497745,11.938162,0.431017,0.03610413395294853,NA,NA,NA,NA
nchanga,2023,28.198221,28.08254,26.208275,0.9294300870966292,15.331978,2.459799,0.1604358550475353,2.9493,0.249319,0,0
nchanga,2024,20.7,18,32.047264,0.7918623110373064,21.597349,15.118145,0.7000000324113853,4.446575,1.553224,0.958943,0.6173887346577184
nchelenge,2022,25.739911,23.739911,6.657401,0.25864118178186396,11.938162,2.44303,0.20464037931467172,NA,NA,NA,NA
nchelenge,2023,27.26147,26.158878,31.617369,1.159782249453166,14.279546,7.875442,0.551519074906163,1.44136,NA,NA,NA
nchelenge,2024,30.635642,29.605642,33.936311,0.7395624496099245,28.124009,22.085258,0.7852812876002138,NA,NA,NA,NA
ndola central,2022,25.739911,23.739911,9.605937,0.37319231601072744,11.938162,1.094093,0.09164668732087904,NA,NA,NA,NA
ndola central,2023,28.198221,28.08254,24.701318,0.8759885242405895,15.198297,2.146888,0.14125845810224658,1.95,0.446979,0.054331,0.12155157177406543
ndola central,2024,9.69,6.99,34.068728,0.9825415998035651,19.825645,16.155288,0.8148682174022586,3.49,0.531986,0.333721,0.627311620982507
nkana,2022,25.739911,23.739911,7.690756,0.29878720248877316,11.938162,0.867831,0.07269385354294908,NA,NA,NA,NA
nkana,2023,28.198218,28.082534,24.095525,0.8545052385934458,15.216297,4.527333,0.29753185022610956,6.152784,0.345269,0.075403,0.21838914006180687
nkana,2024,10.714923,7.758748,32.345473,0.9900340882621842,23.5307,15.320836,0.6510998822814451,4.020951,5.82539,0.604598,0.1037866992596204
nkeyema,2022,25.739911,23.739911,5.69769,0.22135624322865763,11.938162,2.949806,0.2470904650146312,NA,NA,NA,NA
nkeyema,2023,27.473155,26.632408,25.32989,0.9219869359744084,14.876713,5.805922,0.3902691407705452,4.243143,4.561379,0,0
nkeyema,2024,11.179518,8.369518,30.962848,0.9913836322889052,17.734706,16.438093,0.926888384842692,5.440744,2.645605,0.764481,0.2889626380355344
nyimba,2022,25.739911,23.739911,5.871226,0.2280981468817045,11.938162,1.664757,0.13944835059199231,NA,NA,NA,NA
nyimba,2023,27.26147,26.209038,25.496241,0.9352482092858528,15.331978,15.204836,0.991707397440826,3.7182,0.468695,0.113167,0.24145126361493083
nyimba,2024,18.053326,15.243326,37.949735,0.946439103375988,23.50515,24.62129,1.0474849128807942,6.119327,1.699252,0.427516,0.2515906999079595
pambashe,2022,25.739911,23.739911,2.580027,0.10023449576030002,12.855162,0,0,NA,NA,NA,NA
pambashe,2023,27.26147,26.209038,22.979271,0.8429211997738933,15.331978,1.541817,0.1005621714301964,6.07132,1.599885,0.330778,0.20675111023604825
pambashe,2024,19.2375,16.5,35.202569,0.7798513392814221,25.515716,15.899848,0.6231394016142835,6.597867,4.430099,0.351275,0.07929281038640446
pemba,2022,25.739911,23.739911,5.203362,0.20215151482070004,11.938162,1.717715,0.14388437684125915,NA,NA,NA,NA
pemba,2023,27.26147,26.22294,36.061017,1.3227832908496864,15.32445,8.006297,0.5224524860598586,2.489032,3.38751,0.289215,0.0853768697361779
pemba,2024,29.6,26.75,37.306842,0.9692199968543798,24.806725,25.489976,1.0275429747376972,3.562463,3.740586,0.081523,0.02179417877305855
petauke,2022,25.739911,23.739911,4.358899,0.16934398102619702,11.938162,0.881123,0.07380725776715041,NA,NA,NA,NA
petauke,2023,27.26147,26.209038,25.680527,0.942008152898578,14.762086,4.578625,0.3101611113768068,3.37036,0.990737,0,0
petauke,2024,14.566544,11.841544,49.835701,0.9758330086639868,28.466961,27.97467,0.9827065839588568,6.108489,4.553805,0.262973,0.05774797120210461
roan,2022,25.739911,23.739911,4.336076,0.16845730352369906,11.938162,0,0,NA,NA,NA,NA
roan,2023,28.198218,28.082534,50.315931,1.7843656290620915,15.216297,0,0,3.2427,2.99728,0.479415,0.1599500213526931
roan,2024,17.7,15,35.981867,0.881883453359744,24.842895,20.495068,0.8249871039586972,3.405,6.416506,0.943944,0.14711183937177025
rufunsa,2022,25.739911,23.739911,21.018085,0.8165562421719329,11.938162,3.276624,0.27446637095392074,NA,NA,NA,NA
rufunsa,2023,21.883604,15.453306,37.60176,1.7182617634645554,11.5881,10.330229,0.8914514890275369,0.5613,NA,0,NA
rufunsa,2024,35.516856,32.486856,30.929703,0.8825137760353694,21.957023,16.91005,0.7701431109308398,3.288763,3.453201,0.35228,0.10201549229251353
senanga,2022,25.739911,23.739911,10.88085,0.42272290685076575,11.938162,2.067409,0.17317649065241367,NA,NA,NA,NA
senanga,2023,27.26147,26.209038,19.1128,0.7010920540968627,14.216546,0,0,2.926,3.14545,0.17955,0.05708245243128964
senanga,2024,8.885618,6.075618,28.333594,0.8641098420300767,20.693591,13.435524,0.6492601501595349,6.954612,11.085906,0.38631,0.03484694890972375
senga hill,2022,25.739911,23.739911,4.249075,0.1650772996068246,12.855162,1.348629,0.10490952972821346,NA,NA,NA,NA
senga hill,2023,28.198221,28.096442,18.646058,0.6612494454880682,15.290793,2.276428,0.14887573195190074,0,0,0,NA
senga hill,2024,23.745381,20.790381,45.157489,0.8689705609270562,30.791802,29.38571,0.954335507873167,7.5808,1.451342,0.486665,0.33532068940332466
serenje,2022,25.739911,23.739911,3.374384,0.13109540277742218,11.938162,1.774655,0.14865395527385203,NA,NA,NA,NA
serenje,2023,27.26147,26.209038,19.351687,0.7098548610914965,14.279546,0.986137,0.06905940847138978,2.3862,0.553247,0.326778,0.5906548069849452
serenje,2024,11.118446,8.343446,33.633115,0.7816780615770464,25.574757,19.351936,0.7566811289741677,6.710948,3.085816,1.534437,0.4972548590064994
sesheke,2022,25.739911,23.739911,6.733996,0.2616169107966224,11.938162,2.867614,0.24020565309802297,NA,NA,NA,NA
sesheke,2023,27.473155,26.632408,21.250833,0.7735126526239887,14.44876,0,0,6.119671,6.578646,0,0
sesheke,2024,3.537566,0.725066,22.826875,0.8369561789974803,13.504581,9.06666,0.6713766239767084,3.969974,2.600179,1.296935,0.4987868142924006
shangombo,2022,25.739911,23.739911,9.309994,0.3616948792091783,11.938162,4.30274,0.3604189656665741,NA,NA,NA,NA
shangombo,2023,28.198221,28.08254,34.862658,1.236342462880903,15.216297,12.19102,0.8011817855553162,6.117463,6.576273,0.103349,0.01571543638775336
shangombo,2024,18.468408,15.693408,25.77898,0.9815948257168068,15.161,14.791955,0.9756582679242796,4.419944,5.664483,1.258462,0.222167142173434
shiwang'andu,2022,25.739911,23.739911,6.576085,0.2554820410995205,11.938162,2.56232,0.2146327047664456,NA,NA,NA,NA
shiwang'andu,2023,27.26147,26.22294,21.727276,0.7969957599498486,14.284335,9.618941,0.6733908858900327,4.62065,0.270683,NA,NA
shiwang'andu,2024,10.46948,7.32948,34.363708,0.9533378440915398,26.410636,25.877509,0.979813927994767,NA,NA,NA,NA
siavonga,2022,25.739911,23.739911,5.631956,0.2188024659448123,11.938162,2.786008,0.23336992746454605,NA,NA,NA,NA
siavonga,2023,27.26147,26.22294,34.615813,1.2697705956428615,14.279546,5.54021,0.3879822229642315,3.40765,NA,0.091736,NA
siavonga,2024,9.910386,7.210386,20.319798,0.9537555389481116,7.661017,9.160336,1.1957075672851267,2.127,3.788538,0.999198,0.2637423723874487
sikongo,2022,25.739911,23.739911,10.495451,0.40775008895718406,11.938162,3.074092,0.25750128034784586,NA,NA,NA,NA
sikongo,2023,27.26147,26.209038,31.432374,1.1529962984387856,14.762086,11.58918,0.7850638453129185,5.505814,5.91875,0.208522,0.03523074973600845
sikongo,2024,17.90228,15.09228,31.835864,0.9869376526228129,21.473249,19.507531,0.9084573554751776,4.487719,2.575259,0.722562,0.2805783806599647
sinazongwe,2022,25.739911,23.739911,5.695855,0.22128495316087143,11.938162,1.122156,0.09399738418694605,NA,NA,NA,NA
sinazongwe,2023,27.26147,26.22294,25.885002,0.9495086655268408,14.332167,0.99412,0.06936285350289317,5.88459,1.471148,0.28721,0.1952284882282408
sinazongwe,2024,24.491544,21.641544,35.704775,0.7904402681523245,30.754342,22.229673,0.7228141314159803,3.474247,0.849235,0.149082,0.17554858195905726
sinda,2022,25.977038,23.739911,2.966507,0.11419727684118566,11.938162,0,0,NA,NA,NA,NA
sinda,2023,28.198221,28.08254,24.517636,0.8694745672076263,14.916953,10.342243,0.6933214175844088,5.955905,7.441135,0.333376,0.04480176747230093
sinda,2024,37.948209,35.840715,36.390688,0.7053702061367172,43.277607,29.192443,0.6745392137786177,3.71988,1.155444,0.2906,0.25150504914128247
sioma,2022,25.739911,23.739911,9.633808,0.3742751091874405,11.938162,4.871606,0.40807001948876215,NA,NA,NA,NA
sioma,2023,28.198221,28.096442,16.108271,0.5712513211383087,15.269337,2.24162,0.1468053262561433,1.6136,1.73462,0.010929,0.00630051538665529
sioma,2024,11.81,10,31.620283,0.7723421665005323,28.073554,19.279084,0.6867347112517354,5.495875,1.69082,0.63082,0.3730852485776132
solwezi central,2022,25.739911,23.739911,6.101403,0.23704056319386652,11.938162,0.89504,0.074973015109026,NA,NA,NA,NA
solwezi central,2023,28.198221,28.06414,20.990693,0.7443977760157281,15.269331,0.609773,0.03993449352823643,1.629,0.214087,0.050738,0.23699710865209003
solwezi central,2024,10.7,8,34.345701,0.9095216673060156,23.399567,14.611094,0.6244172808838727,2.31,0.346285,0.044438,0.12832782245837965
solwezi east,2022,25.739911,23.739911,9.981669,0.3877895692801735,11.938162,3.568056,0.2988781690179778,NA,NA,NA,NA
solwezi east,2023,28.198221,28.08254,35.123376,1.2455883653085775,15.269337,6.063388,0.3970956957725145,5.112677,1.100931,0.602767,0.5475066103143612
solwezi east,2024,24.563266,21.863266,32.059949,0.9066820993293032,20.616573,15.19848,0.7371972053745305,4.642,0.610811,0.228389,0.37391107887709946
solwezi west,2022,25.7,23.739911,11.143718,0.43360770428015566,11.938162,4.97191,0.41647198287307546,NA,NA,NA,NA
solwezi west,2023,28.198221,28.08335,33.948133,1.2039104523650623,15.269337,7.906802,0.5178222210957817,4.920867,1.251392,0.262438,0.20971685930547743
solwezi west,2024,22.920241,20.220241,27.161064,0.8373869113352065,16.221885,12.893308,0.7948094811422963,0.5625,0.083638,0.03708,0.4433391520600684
vubwi,2022,25.739911,23.739911,5.658312,0.2198264011091569,11.938162,1.167544,0.09779930947494264,NA,NA,NA,NA
vubwi,2023,27.26147,26.209038,39.628266000000004,1.4536364326648563,16.138294,12.938294,0.8017138614527657,3.07,0.44622,0.171491,0.38431939402088655
vubwi,2024,24.621291,21.846291,30.677139,0.9627608417436044,20.165419,19.872452,0.9854718119172232,3.88485,0.999567,0.238041,0.23814411640240224
wusakile,2022,25.739911,23.739911,6.546261,0.25432337353458606,11.938162,0.324457,0.02717813680196331,NA,NA,NA,NA
wusakile,2023,28.198218,28.082534,27.49115,0.974925082145262,15.216297,2.091943,0.13748042641386404,6.136672,0.289648,0.191472,0.6610506545876375
wusakile,2024,7.502826,4.546651,25.119921,0.9512177499910918,17.681612,10.126325,0.5727037218099797,3.859954,4.616096,1.784421,0.38656496745301655
zambezi east,2022,25.739911,23.739911,4.376238,0.17001760417897327,11.938162,0.631209,0.05287321448645109,NA,NA,NA,NA
zambezi east,2023,28.198221,NA,27.441686,0.9731708252091508,15.269331,11.666587,0.7640535790336852,5.808657,0.489126,0.813708,1.6635958832693416
zambezi east,2024,20.537565,19.075065,30.040105,0.6950720535457204,32.241138,19.121862,0.5930889288089025,3.492461,6.951772,0.362748,0.05218065264510976
zambezi west,2022,25.739911,23.739911,3.886406,0.15098754614963508,11.938162,0.844015,0.070698906582102,NA,NA,NA,NA
zambezi west,2023,28.198221,NA,26.49045,0.939436924052762,15.269331,11.666587,0.7640535790336852,5.808657,0.489126,0.813708,1.6635958832693416
zambezi west,2024,25.910722,24.448222,35.566105,0.8264263870293034,32.39752,26.925333,0.8310924107771213,3.492,6.280152,0.241752,0.03849460968460636
